TimeQuest Timing Analyzer report for mcu
Tue May 26 16:52:41 2026
Quartus II 64-Bit Version 13.0.1 Build 232 06/12/2013 Service Pack 1 SJ Web Edition


---------------------
; Table of Contents ;
---------------------
  1. Legal Notice
  2. TimeQuest Timing Analyzer Summary
  3. Parallel Compilation
  4. SDC File List
  5. Clocks
  6. Slow 1200mV 85C Model Fmax Summary
  7. Timing Closure Recommendations
  8. Slow 1200mV 85C Model Setup Summary
  9. Slow 1200mV 85C Model Hold Summary
 10. Slow 1200mV 85C Model Recovery Summary
 11. Slow 1200mV 85C Model Removal Summary
 12. Slow 1200mV 85C Model Minimum Pulse Width Summary
 13. Propagation Delay
 14. Minimum Propagation Delay
 15. Slow 1200mV 85C Model Metastability Report
 16. Slow 1200mV 0C Model Fmax Summary
 17. Slow 1200mV 0C Model Setup Summary
 18. Slow 1200mV 0C Model Hold Summary
 19. Slow 1200mV 0C Model Recovery Summary
 20. Slow 1200mV 0C Model Removal Summary
 21. Slow 1200mV 0C Model Minimum Pulse Width Summary
 22. Propagation Delay
 23. Minimum Propagation Delay
 24. Slow 1200mV 0C Model Metastability Report
 25. Fast 1200mV 0C Model Setup Summary
 26. Fast 1200mV 0C Model Hold Summary
 27. Fast 1200mV 0C Model Recovery Summary
 28. Fast 1200mV 0C Model Removal Summary
 29. Fast 1200mV 0C Model Minimum Pulse Width Summary
 30. Propagation Delay
 31. Minimum Propagation Delay
 32. Fast 1200mV 0C Model Metastability Report
 33. Multicorner Timing Analysis Summary
 34. Progagation Delay
 35. Minimum Progagation Delay
 36. Board Trace Model Assignments
 37. Input Transition Times
 38. Slow Corner Signal Integrity Metrics
 39. Fast Corner Signal Integrity Metrics
 40. Clock Transfers
 41. Report TCCS
 42. Report RSKM
 43. Unconstrained Paths
 44. TimeQuest Timing Analyzer Messages



----------------
; Legal Notice ;
----------------
Copyright (C) 1991-2013 Altera Corporation
Your use of Altera Corporation's design tools, logic functions 
and other software and tools, and its AMPP partner logic 
functions, and any output files from any of the foregoing 
(including device programming or simulation files), and any 
associated documentation or information are expressly subject 
to the terms and conditions of the Altera Program License 
Subscription Agreement, Altera MegaCore Function License 
Agreement, or other applicable license agreement, including, 
without limitation, that your use is for the sole purpose of 
programming logic devices manufactured by Altera and sold by 
Altera or its authorized distributors.  Please refer to the 
applicable agreement for further details.



+----------------------------------------------------------------------------------------+
; TimeQuest Timing Analyzer Summary                                                      ;
+--------------------+-------------------------------------------------------------------+
; Quartus II Version ; Version 13.0.1 Build 232 06/12/2013 Service Pack 1 SJ Web Edition ;
; Revision Name      ; mcu                                                               ;
; Device Family      ; Cyclone III                                                       ;
; Device Name        ; EP3C16F484C6                                                      ;
; Timing Models      ; Final                                                             ;
; Delay Model        ; Combined                                                          ;
; Rise/Fall Delays   ; Enabled                                                           ;
+--------------------+-------------------------------------------------------------------+


Parallel compilation was disabled, but you have multiple processors available. Enable parallel compilation to reduce compilation time.
+-------------------------------------+
; Parallel Compilation                ;
+----------------------------+--------+
; Processors                 ; Number ;
+----------------------------+--------+
; Number detected on machine ; 20     ;
; Maximum allowed            ; 1      ;
+----------------------------+--------+


+---------------------------------------------------+
; SDC File List                                     ;
+---------------+--------+--------------------------+
; SDC File Path ; Status ; Read at                  ;
+---------------+--------+--------------------------+
; mcu.sdc       ; OK     ; Tue May 26 16:52:41 2026 ;
+---------------+--------+--------------------------+


----------
; Clocks ;
----------
No clocks to report.


--------------------------------------
; Slow 1200mV 85C Model Fmax Summary ;
--------------------------------------
No paths to report.


----------------------------------
; Timing Closure Recommendations ;
----------------------------------
HTML report is unavailable in plain text report export.


---------------------------------------
; Slow 1200mV 85C Model Setup Summary ;
---------------------------------------
No paths to report.


--------------------------------------
; Slow 1200mV 85C Model Hold Summary ;
--------------------------------------
No paths to report.


------------------------------------------
; Slow 1200mV 85C Model Recovery Summary ;
------------------------------------------
No paths to report.


-----------------------------------------
; Slow 1200mV 85C Model Removal Summary ;
-----------------------------------------
No paths to report.


-----------------------------------------------------
; Slow 1200mV 85C Model Minimum Pulse Width Summary ;
-----------------------------------------------------
No paths to report.


+--------------------------------------------------------------+
; Propagation Delay                                            ;
+------------+-------------+--------+--------+--------+--------+
; Input Port ; Output Port ; RR     ; RF     ; FR     ; FF     ;
+------------+-------------+--------+--------+--------+--------+
; SW[0]      ; HEX0[0]     ; 9.926  ; 9.900  ; 10.424 ; 10.398 ;
; SW[0]      ; HEX0[1]     ; 9.966  ; 9.893  ; 10.464 ; 10.391 ;
; SW[0]      ; HEX0[2]     ; 9.553  ; 9.452  ; 10.051 ; 9.950  ;
; SW[0]      ; HEX0[3]     ; 9.306  ; 9.351  ; 9.804  ; 9.849  ;
; SW[0]      ; HEX0[4]     ; 9.343  ; 9.308  ; 9.841  ; 9.806  ;
; SW[0]      ; HEX0[5]     ; 9.571  ; 9.463  ; 10.069 ; 9.961  ;
; SW[0]      ; HEX0[6]     ; 9.520  ; 9.419  ; 10.018 ; 9.917  ;
; SW[0]      ; HEX2[0]     ; 7.367  ; 7.317  ; 7.882  ; 7.788  ;
; SW[0]      ; HEX2[1]     ; 7.188  ; 7.104  ; 7.674  ; 7.651  ;
; SW[0]      ; HEX2[2]     ;        ; 7.247  ; 7.786  ;        ;
; SW[0]      ; HEX2[3]     ; 7.129  ; 7.137  ; 7.545  ; 7.679  ;
; SW[0]      ; HEX2[4]     ; 7.209  ;        ;        ; 7.658  ;
; SW[0]      ; HEX2[5]     ; 7.210  ;        ;        ; 7.638  ;
; SW[0]      ; HEX2[6]     ; 7.650  ;        ;        ; 8.052  ;
; SW[0]      ; LED[0]      ; 5.727  ;        ;        ; 6.135  ;
; SW[0]      ; LED[8]      ; 9.762  ; 9.970  ; 10.263 ; 10.468 ;
; SW[0]      ; LED[9]      ; 10.399 ; 10.448 ; 10.897 ; 10.946 ;
; SW[1]      ; HEX0[0]     ; 9.688  ; 9.618  ; 10.177 ; 10.107 ;
; SW[1]      ; HEX0[1]     ; 9.684  ; 9.611  ; 10.173 ; 10.100 ;
; SW[1]      ; HEX0[2]     ; 9.271  ; 9.194  ; 9.760  ; 9.683  ;
; SW[1]      ; HEX0[3]     ; 9.024  ; 9.076  ; 9.513  ; 9.565  ;
; SW[1]      ; HEX0[4]     ; 9.085  ; 9.026  ; 9.574  ; 9.515  ;
; SW[1]      ; HEX0[5]     ; 9.289  ; 9.209  ; 9.778  ; 9.698  ;
; SW[1]      ; HEX0[6]     ; 9.238  ; 9.175  ; 9.727  ; 9.664  ;
; SW[1]      ; HEX2[0]     ; 6.995  ; 6.913  ; 7.482  ; 7.391  ;
; SW[1]      ; HEX2[1]     ; 6.829  ; 6.754  ; 7.316  ; 7.232  ;
; SW[1]      ; HEX2[2]     ; 6.938  ;        ;        ; 7.358  ;
; SW[1]      ; HEX2[3]     ; 6.991  ; 7.073  ; 7.519  ; 7.556  ;
; SW[1]      ; HEX2[4]     ;        ; 6.994  ; 7.538  ;        ;
; SW[1]      ; HEX2[5]     ; 6.841  ; 6.765  ; 7.324  ; 7.239  ;
; SW[1]      ; HEX2[6]     ; 7.282  ; 7.199  ; 7.769  ; 7.677  ;
; SW[1]      ; LED[1]      ; 6.035  ;        ;        ; 6.471  ;
; SW[1]      ; LED[8]      ; 9.599  ; 9.532  ; 10.088 ; 10.012 ;
; SW[1]      ; LED[9]      ; 10.089 ; 10.141 ; 10.578 ; 10.630 ;
; SW[2]      ; HEX0[0]     ; 9.512  ; 9.457  ; 10.006 ; 9.951  ;
; SW[2]      ; HEX0[1]     ; 9.489  ; 9.429  ; 9.983  ; 9.923  ;
; SW[2]      ; HEX0[2]     ; 9.058  ; 9.013  ; 9.552  ; 9.507  ;
; SW[2]      ; HEX0[3]     ; 8.684  ; 8.759  ; 9.178  ; 9.253  ;
; SW[2]      ; HEX0[4]     ; 8.768  ; 8.666  ; 9.262  ; 9.174  ;
; SW[2]      ; HEX0[5]     ; 9.079  ; 9.027  ; 9.573  ; 9.521  ;
; SW[2]      ; HEX0[6]     ; 9.053  ; 8.977  ; 9.547  ; 9.471  ;
; SW[2]      ; HEX2[0]     ; 7.273  ; 7.226  ; 7.801  ; 7.697  ;
; SW[2]      ; HEX2[1]     ; 7.098  ; 7.021  ; 7.589  ; 7.560  ;
; SW[2]      ; HEX2[2]     ; 7.168  ; 7.125  ; 7.661  ; 7.594  ;
; SW[2]      ; HEX2[3]     ; 6.763  ; 6.843  ; 7.239  ; 7.328  ;
; SW[2]      ; HEX2[4]     ; 6.860  ;        ;        ; 7.267  ;
; SW[2]      ; HEX2[5]     ; 7.071  ; 7.079  ; 7.648  ; 7.506  ;
; SW[2]      ; HEX2[6]     ; 7.499  ; 7.513  ; 8.088  ; 7.945  ;
; SW[2]      ; LED[2]      ; 6.919  ;        ;        ; 7.432  ;
; SW[2]      ; LED[8]      ; 9.557  ; 9.770  ; 10.065 ; 10.264 ;
; SW[2]      ; LED[9]      ; 10.199 ; 10.248 ; 10.693 ; 10.742 ;
; SW[3]      ; HEX0[0]     ; 9.164  ; 9.110  ; 9.666  ; 9.612  ;
; SW[3]      ; HEX0[1]     ; 9.139  ; 9.082  ; 9.641  ; 9.584  ;
; SW[3]      ; HEX0[2]     ; 8.709  ; 8.666  ; 9.211  ; 9.168  ;
; SW[3]      ; HEX0[5]     ; 8.729  ; 8.680  ; 9.231  ; 9.182  ;
; SW[3]      ; HEX0[6]     ; 8.706  ; 8.607  ; 9.208  ; 9.089  ;
; SW[3]      ; HEX2[0]     ; 7.320  ; 7.235  ; 7.794  ; 7.742  ;
; SW[3]      ; HEX2[1]     ; 7.155  ; 7.080  ; 7.629  ; 7.584  ;
; SW[3]      ; HEX2[2]     ; 7.268  ; 7.211  ; 7.737  ; 7.711  ;
; SW[3]      ; HEX2[5]     ; 7.168  ; 7.090  ; 7.634  ; 7.589  ;
; SW[3]      ; HEX2[6]     ;        ; 7.530  ; 8.082  ;        ;
; SW[3]      ; LED[3]      ; 5.791  ;        ;        ; 6.206  ;
; SW[3]      ; LED[8]      ; 9.822  ; 9.754  ; 10.292 ; 10.256 ;
; SW[3]      ; LED[9]      ; 10.312 ; 10.364 ; 10.782 ; 10.834 ;
; SW[4]      ; HEX0[0]     ; 8.959  ; 8.889  ; 9.441  ; 9.415  ;
; SW[4]      ; HEX0[1]     ; 8.955  ; 8.882  ; 9.481  ; 9.408  ;
; SW[4]      ; HEX0[2]     ; 8.542  ; 8.465  ; 9.068  ; 8.967  ;
; SW[4]      ; HEX0[3]     ; 8.295  ; 8.347  ; 8.821  ; 8.866  ;
; SW[4]      ; HEX0[4]     ; 8.356  ; 8.297  ; 8.858  ; 8.823  ;
; SW[4]      ; HEX0[5]     ; 8.560  ; 8.480  ; 9.086  ; 8.978  ;
; SW[4]      ; HEX0[6]     ; 8.509  ; 8.446  ; 9.035  ; 8.934  ;
; SW[4]      ; HEX3[0]     ; 7.039  ; 6.947  ; 7.481  ; 7.380  ;
; SW[4]      ; HEX3[1]     ; 7.408  ; 7.311  ; 7.864  ; 7.758  ;
; SW[4]      ; HEX3[2]     ;        ; 6.993  ; 7.533  ;        ;
; SW[4]      ; HEX3[3]     ; 7.000  ; 7.083  ; 7.439  ; 7.531  ;
; SW[4]      ; HEX3[4]     ; 7.243  ;        ;        ; 7.592  ;
; SW[4]      ; HEX3[5]     ; 7.238  ;        ;        ; 7.580  ;
; SW[4]      ; HEX3[6]     ; 7.232  ;        ;        ; 7.600  ;
; SW[4]      ; LED[4]      ; 5.735  ;        ;        ; 6.138  ;
; SW[4]      ; LED[8]      ; 8.870  ;        ;        ; 9.485  ;
; SW[4]      ; LED[9]      ; 9.360  ; 9.412  ; 9.914  ; 9.963  ;
; SW[5]      ; HEX0[0]     ; 9.224  ; 9.154  ; 9.480  ; 9.454  ;
; SW[5]      ; HEX0[1]     ; 9.220  ; 9.147  ; 9.520  ; 9.447  ;
; SW[5]      ; HEX0[2]     ; 8.807  ; 8.730  ; 9.107  ; 9.006  ;
; SW[5]      ; HEX0[3]     ; 8.560  ; 8.612  ; 8.860  ; 8.905  ;
; SW[5]      ; HEX0[4]     ; 8.621  ; 8.562  ; 8.875  ; 8.862  ;
; SW[5]      ; HEX0[5]     ; 8.825  ; 8.745  ; 9.125  ; 9.017  ;
; SW[5]      ; HEX0[6]     ; 8.774  ; 8.711  ; 9.074  ; 8.973  ;
; SW[5]      ; HEX3[0]     ; 7.467  ; 7.465  ; 8.007  ; 7.876  ;
; SW[5]      ; HEX3[1]     ; 7.898  ; 7.769  ; 8.328  ; 8.307  ;
; SW[5]      ; HEX3[2]     ; 7.577  ;        ;        ; 7.964  ;
; SW[5]      ; HEX3[3]     ; 7.474  ; 7.560  ; 7.970  ; 8.020  ;
; SW[5]      ; HEX3[4]     ;        ; 7.682  ; 8.214  ;        ;
; SW[5]      ; HEX3[5]     ; 7.741  ; 7.623  ; 8.178  ; 8.118  ;
; SW[5]      ; HEX3[6]     ; 7.675  ; 7.680  ; 8.191  ; 8.091  ;
; SW[5]      ; LED[5]      ; 5.731  ;        ;        ; 6.119  ;
; SW[5]      ; LED[8]      ; 9.135  ;        ;        ; 9.524  ;
; SW[5]      ; LED[9]      ; 9.625  ; 9.677  ; 9.953  ; 10.002 ;
; SW[6]      ; HEX0[0]     ; 8.693  ; 8.667  ; 9.385  ; 9.330  ;
; SW[6]      ; HEX0[1]     ; 8.733  ; 8.660  ; 9.362  ; 9.302  ;
; SW[6]      ; HEX0[2]     ; 8.320  ; 8.219  ; 8.931  ; 8.886  ;
; SW[6]      ; HEX0[3]     ; 8.073  ; 8.118  ; 8.557  ; 8.632  ;
; SW[6]      ; HEX0[4]     ; 8.040  ; 8.075  ; 8.641  ; 8.524  ;
; SW[6]      ; HEX0[5]     ; 8.338  ; 8.230  ; 8.952  ; 8.900  ;
; SW[6]      ; HEX0[6]     ; 8.287  ; 8.186  ; 8.926  ; 8.850  ;
; SW[6]      ; HEX3[0]     ; 7.365  ; 7.271  ; 7.875  ; 7.814  ;
; SW[6]      ; HEX3[1]     ; 7.745  ; 7.646  ; 8.254  ; 8.187  ;
; SW[6]      ; HEX3[2]     ; 7.404  ; 7.310  ; 7.918  ; 7.858  ;
; SW[6]      ; HEX3[3]     ; 7.321  ; 7.404  ; 7.867  ; 7.920  ;
; SW[6]      ; HEX3[4]     ; 7.578  ;        ;        ; 8.025  ;
; SW[6]      ; HEX3[5]     ; 7.572  ; 7.476  ; 8.079  ; 8.015  ;
; SW[6]      ; HEX3[6]     ; 7.551  ; 7.484  ; 8.066  ; 8.029  ;
; SW[6]      ; LED[6]      ; 5.778  ;        ;        ; 6.167  ;
; SW[6]      ; LED[8]      ; 8.965  ;        ;        ; 9.643  ;
; SW[6]      ; LED[9]      ; 9.455  ; 9.507  ; 10.072 ; 10.121 ;
; SW[7]      ; HEX0[0]     ; 8.168  ; 8.108  ; 8.640  ; 8.586  ;
; SW[7]      ; HEX0[1]     ; 8.145  ; 8.080  ; 8.615  ; 8.558  ;
; SW[7]      ; HEX0[2]     ; 7.714  ; 7.664  ; 8.185  ; 8.142  ;
; SW[7]      ; HEX0[5]     ; 7.735  ; 7.678  ; 8.205  ; 8.156  ;
; SW[7]      ; HEX0[6]     ; 7.704  ; 7.633  ; 8.182  ; 8.072  ;
; SW[7]      ; HEX3[0]     ; 7.300  ; 7.235  ; 7.775  ; 7.698  ;
; SW[7]      ; HEX3[1]     ; 7.729  ; 7.671  ; 8.213  ; 8.130  ;
; SW[7]      ; HEX3[2]     ; 7.380  ; 7.350  ; 7.898  ; 7.780  ;
; SW[7]      ; HEX3[5]     ; 7.543  ; 7.508  ; 8.055  ; 7.932  ;
; SW[7]      ; HEX3[6]     ;        ; 7.509  ; 8.015  ;        ;
; SW[7]      ; LED[7]      ; 5.908  ;        ;        ; 6.278  ;
; SW[7]      ; LED[8]      ; 8.852  ;        ;        ; 9.234  ;
; SW[7]      ; LED[9]      ; 9.342  ; 9.394  ; 9.663  ; 9.712  ;
; SW[8]      ; HEX0[0]     ; 10.005 ; 9.935  ; 10.486 ; 10.416 ;
; SW[8]      ; HEX0[1]     ; 10.001 ; 9.928  ; 10.482 ; 10.409 ;
; SW[8]      ; HEX0[2]     ; 9.588  ; 9.511  ; 10.069 ; 9.992  ;
; SW[8]      ; HEX0[3]     ; 9.341  ; 9.393  ; 9.822  ; 9.874  ;
; SW[8]      ; HEX0[4]     ; 9.402  ; 9.343  ; 9.883  ; 9.824  ;
; SW[8]      ; HEX0[5]     ; 9.606  ; 9.526  ; 10.087 ; 10.007 ;
; SW[8]      ; HEX0[6]     ; 9.555  ; 9.492  ; 10.036 ; 9.973  ;
; SW[8]      ; LED[8]      ; 9.916  ; 9.836  ; 10.397 ; 10.373 ;
; SW[8]      ; LED[9]      ; 10.406 ; 10.458 ; 10.887 ; 10.939 ;
+------------+-------------+--------+--------+--------+--------+


+------------------------------------------------------------+
; Minimum Propagation Delay                                  ;
+------------+-------------+-------+-------+--------+--------+
; Input Port ; Output Port ; RR    ; RF    ; FR     ; FF     ;
+------------+-------------+-------+-------+--------+--------+
; SW[0]      ; HEX0[0]     ; 8.508 ; 8.424 ; 9.006  ; 8.922  ;
; SW[0]      ; HEX0[1]     ; 8.483 ; 8.397 ; 8.981  ; 8.895  ;
; SW[0]      ; HEX0[2]     ; 8.109 ; 7.998 ; 8.607  ; 8.496  ;
; SW[0]      ; HEX0[3]     ; 7.990 ; 8.065 ; 8.488  ; 8.563  ;
; SW[0]      ; HEX0[4]     ; 8.064 ; 8.020 ; 8.562  ; 8.518  ;
; SW[0]      ; HEX0[5]     ; 8.087 ; 8.038 ; 8.585  ; 8.536  ;
; SW[0]      ; HEX0[6]     ; 8.065 ; 8.025 ; 8.563  ; 8.523  ;
; SW[0]      ; HEX2[0]     ; 7.115 ; 7.121 ; 7.663  ; 7.544  ;
; SW[0]      ; HEX2[1]     ; 7.006 ; 6.924 ; 7.479  ; 7.456  ;
; SW[0]      ; HEX2[2]     ;       ; 7.041 ; 7.565  ;        ;
; SW[0]      ; HEX2[3]     ; 6.904 ; 6.957 ; 7.347  ; 7.458  ;
; SW[0]      ; HEX2[4]     ; 6.965 ;       ;        ; 7.403  ;
; SW[0]      ; HEX2[5]     ; 6.965 ;       ;        ; 7.402  ;
; SW[0]      ; HEX2[6]     ; 7.400 ;       ;        ; 7.828  ;
; SW[0]      ; LED[0]      ; 5.610 ;       ;        ; 6.007  ;
; SW[0]      ; LED[8]      ; 9.289 ; 9.408 ; 9.787  ; 9.879  ;
; SW[0]      ; LED[9]      ; 8.750 ; 8.794 ; 9.217  ; 9.274  ;
; SW[1]      ; HEX0[0]     ; 8.610 ; 8.553 ; 9.085  ; 9.028  ;
; SW[1]      ; HEX0[1]     ; 8.595 ; 8.535 ; 9.070  ; 9.003  ;
; SW[1]      ; HEX0[2]     ; 8.207 ; 8.205 ; 8.682  ; 8.671  ;
; SW[1]      ; HEX0[3]     ; 8.113 ; 8.166 ; 8.588  ; 8.641  ;
; SW[1]      ; HEX0[4]     ; 8.248 ; 8.150 ; 8.714  ; 8.625  ;
; SW[1]      ; HEX0[5]     ; 8.186 ; 8.130 ; 8.661  ; 8.605  ;
; SW[1]      ; HEX0[6]     ; 8.165 ; 8.116 ; 8.640  ; 8.591  ;
; SW[1]      ; HEX2[0]     ; 6.821 ; 6.740 ; 7.294  ; 7.204  ;
; SW[1]      ; HEX2[1]     ; 6.663 ; 6.589 ; 7.134  ; 7.051  ;
; SW[1]      ; HEX2[2]     ; 6.767 ;       ;        ; 7.173  ;
; SW[1]      ; HEX2[3]     ; 6.808 ; 6.856 ; 7.242  ; 7.362  ;
; SW[1]      ; HEX2[4]     ;       ; 6.816 ; 7.350  ;        ;
; SW[1]      ; HEX2[5]     ; 6.675 ; 6.599 ; 7.143  ; 7.058  ;
; SW[1]      ; HEX2[6]     ; 7.098 ; 7.016 ; 7.570  ; 7.479  ;
; SW[1]      ; LED[1]      ; 5.906 ;       ;        ; 6.329  ;
; SW[1]      ; LED[8]      ; 9.069 ; 9.159 ; 9.544  ; 9.625  ;
; SW[1]      ; LED[9]      ; 8.382 ; 8.428 ; 8.830  ; 8.867  ;
; SW[2]      ; HEX0[0]     ; 8.809 ; 8.726 ; 9.301  ; 9.218  ;
; SW[2]      ; HEX0[1]     ; 8.785 ; 8.697 ; 9.277  ; 9.189  ;
; SW[2]      ; HEX0[2]     ; 8.374 ; 8.298 ; 8.866  ; 8.790  ;
; SW[2]      ; HEX0[3]     ; 8.235 ; 8.312 ; 8.727  ; 8.804  ;
; SW[2]      ; HEX0[4]     ; 8.320 ; 8.290 ; 8.812  ; 8.782  ;
; SW[2]      ; HEX0[5]     ; 8.390 ; 8.310 ; 8.882  ; 8.802  ;
; SW[2]      ; HEX0[6]     ; 8.392 ; 8.294 ; 8.884  ; 8.786  ;
; SW[2]      ; HEX2[0]     ; 7.029 ; 7.041 ; 7.600  ; 7.455  ;
; SW[2]      ; HEX2[1]     ; 6.881 ; 6.821 ; 7.366  ; 7.287  ;
; SW[2]      ; HEX2[2]     ; 6.987 ; 6.944 ; 7.468  ; 7.401  ;
; SW[2]      ; HEX2[3]     ; 6.597 ; 6.676 ; 7.058  ; 7.146  ;
; SW[2]      ; HEX2[4]     ; 6.693 ;       ;        ; 7.086  ;
; SW[2]      ; HEX2[5]     ; 6.884 ; 6.833 ; 7.378  ; 7.292  ;
; SW[2]      ; HEX2[6]     ; 7.304 ; 7.306 ; 7.847  ; 7.731  ;
; SW[2]      ; LED[2]      ; 6.803 ;       ;        ; 7.305  ;
; SW[2]      ; LED[8]      ; 9.095 ; 9.218 ; 9.587  ; 9.680  ;
; SW[2]      ; LED[9]      ; 8.456 ; 8.482 ; 8.953  ; 8.979  ;
; SW[3]      ; HEX0[0]     ; 8.816 ; 8.733 ; 9.273  ; 9.190  ;
; SW[3]      ; HEX0[1]     ; 8.792 ; 8.704 ; 9.249  ; 9.161  ;
; SW[3]      ; HEX0[2]     ; 8.381 ; 8.305 ; 8.838  ; 8.762  ;
; SW[3]      ; HEX0[5]     ; 8.397 ; 8.317 ; 8.854  ; 8.774  ;
; SW[3]      ; HEX0[6]     ; 8.394 ; 8.301 ; 8.867  ; 8.758  ;
; SW[3]      ; HEX2[0]     ; 7.133 ; 7.050 ; 7.594  ; 7.542  ;
; SW[3]      ; HEX2[1]     ; 6.975 ; 6.899 ; 7.434  ; 7.390  ;
; SW[3]      ; HEX2[2]     ; 7.084 ; 7.028 ; 7.540  ; 7.513  ;
; SW[3]      ; HEX2[5]     ; 6.987 ; 6.912 ; 7.442  ; 7.395  ;
; SW[3]      ; HEX2[6]     ;       ; 7.334 ; 7.871  ;        ;
; SW[3]      ; LED[3]      ; 5.672 ;       ;        ; 6.076  ;
; SW[3]      ; LED[8]      ; 9.281 ; 9.376 ; 9.738  ; 9.864  ;
; SW[3]      ; LED[9]      ; 9.703 ; 9.736 ; 10.160 ; 10.193 ;
; SW[4]      ; HEX0[0]     ; 7.718 ; 7.634 ; 8.172  ; 8.088  ;
; SW[4]      ; HEX0[1]     ; 7.693 ; 7.607 ; 8.147  ; 8.061  ;
; SW[4]      ; HEX0[2]     ; 7.321 ; 7.208 ; 7.747  ; 7.662  ;
; SW[4]      ; HEX0[3]     ; 7.200 ; 7.275 ; 7.654  ; 7.729  ;
; SW[4]      ; HEX0[4]     ; 7.274 ; 7.232 ; 7.728  ; 7.658  ;
; SW[4]      ; HEX0[5]     ; 7.297 ; 7.250 ; 7.751  ; 7.676  ;
; SW[4]      ; HEX0[6]     ; 7.275 ; 7.237 ; 7.729  ; 7.663  ;
; SW[4]      ; HEX3[0]     ; 6.865 ; 6.774 ; 7.295  ; 7.195  ;
; SW[4]      ; HEX3[1]     ; 7.218 ; 7.122 ; 7.660  ; 7.555  ;
; SW[4]      ; HEX3[2]     ;       ; 6.818 ; 7.344  ;        ;
; SW[4]      ; HEX3[3]     ; 6.825 ; 6.907 ; 7.251  ; 7.342  ;
; SW[4]      ; HEX3[4]     ; 7.061 ;       ;        ; 7.396  ;
; SW[4]      ; HEX3[5]     ; 7.056 ;       ;        ; 7.386  ;
; SW[4]      ; HEX3[6]     ; 7.050 ;       ;        ; 7.404  ;
; SW[4]      ; LED[4]      ; 5.619 ;       ;        ; 6.011  ;
; SW[4]      ; LED[8]      ; 8.497 ;       ;        ; 9.015  ;
; SW[4]      ; LED[9]      ; 8.600 ; 8.644 ; 9.028  ; 9.077  ;
; SW[5]      ; HEX0[0]     ; 8.166 ; 8.109 ; 8.632  ; 8.575  ;
; SW[5]      ; HEX0[1]     ; 8.151 ; 8.091 ; 8.617  ; 8.539  ;
; SW[5]      ; HEX0[2]     ; 7.763 ; 7.779 ; 8.229  ; 8.207  ;
; SW[5]      ; HEX0[3]     ; 7.669 ; 7.722 ; 8.135  ; 8.188  ;
; SW[5]      ; HEX0[4]     ; 7.822 ; 7.706 ; 8.250  ; 8.172  ;
; SW[5]      ; HEX0[5]     ; 7.742 ; 7.686 ; 8.208  ; 8.152  ;
; SW[5]      ; HEX0[6]     ; 7.721 ; 7.672 ; 8.187  ; 8.138  ;
; SW[5]      ; HEX3[0]     ; 7.276 ; 7.212 ; 7.747  ; 7.671  ;
; SW[5]      ; HEX3[1]     ; 7.637 ; 7.563 ; 8.107  ; 8.026  ;
; SW[5]      ; HEX3[2]     ; 7.355 ;       ;        ; 7.754  ;
; SW[5]      ; HEX3[3]     ; 7.254 ; 7.314 ; 7.704  ; 7.791  ;
; SW[5]      ; HEX3[4]     ;       ; 7.450 ; 7.979  ;        ;
; SW[5]      ; HEX3[5]     ; 7.490 ; 7.423 ; 7.963  ; 7.837  ;
; SW[5]      ; HEX3[6]     ; 7.460 ; 7.420 ; 7.928  ; 7.851  ;
; SW[5]      ; LED[5]      ; 5.615 ;       ;        ; 5.992  ;
; SW[5]      ; LED[8]      ; 8.625 ;       ;        ; 9.164  ;
; SW[5]      ; LED[9]      ; 8.617 ; 8.674 ; 9.143  ; 9.130  ;
; SW[6]      ; HEX0[0]     ; 8.302 ; 8.219 ; 8.850  ; 8.785  ;
; SW[6]      ; HEX0[1]     ; 8.278 ; 8.190 ; 8.835  ; 8.755  ;
; SW[6]      ; HEX0[2]     ; 7.867 ; 7.791 ; 8.433  ; 8.357  ;
; SW[6]      ; HEX0[3]     ; 7.730 ; 7.807 ; 8.245  ; 8.316  ;
; SW[6]      ; HEX0[4]     ; 7.815 ; 7.787 ; 8.330  ; 8.274  ;
; SW[6]      ; HEX0[5]     ; 7.883 ; 7.803 ; 8.432  ; 8.369  ;
; SW[6]      ; HEX0[6]     ; 7.887 ; 7.787 ; 8.402  ; 8.353  ;
; SW[6]      ; HEX3[0]     ; 7.176 ; 7.086 ; 7.673  ; 7.611  ;
; SW[6]      ; HEX3[1]     ; 7.539 ; 7.441 ; 8.033  ; 7.966  ;
; SW[6]      ; HEX3[2]     ; 7.215 ; 7.123 ; 7.713  ; 7.653  ;
; SW[6]      ; HEX3[3]     ; 7.131 ; 7.215 ; 7.662  ; 7.714  ;
; SW[6]      ; HEX3[4]     ; 7.381 ;       ;        ; 7.813  ;
; SW[6]      ; HEX3[5]     ; 7.374 ; 7.279 ; 7.866  ; 7.802  ;
; SW[6]      ; HEX3[6]     ; 7.355 ; 7.286 ; 7.853  ; 7.816  ;
; SW[6]      ; LED[6]      ; 5.660 ;       ;        ; 6.039  ;
; SW[6]      ; LED[8]      ; 8.588 ;       ;        ; 9.167  ;
; SW[6]      ; LED[9]      ; 8.037 ; 8.061 ; 8.532  ; 8.587  ;
; SW[7]      ; HEX0[0]     ; 7.887 ; 7.804 ; 8.341  ; 8.261  ;
; SW[7]      ; HEX0[1]     ; 7.863 ; 7.775 ; 8.316  ; 8.232  ;
; SW[7]      ; HEX0[2]     ; 7.452 ; 7.376 ; 7.905  ; 7.833  ;
; SW[7]      ; HEX0[5]     ; 7.468 ; 7.388 ; 7.921  ; 7.845  ;
; SW[7]      ; HEX0[6]     ; 7.480 ; 7.372 ; 7.900  ; 7.829  ;
; SW[7]      ; HEX3[0]     ; 7.116 ; 7.050 ; 7.578  ; 7.500  ;
; SW[7]      ; HEX3[1]     ; 7.475 ; 7.404 ; 7.935  ; 7.858  ;
; SW[7]      ; HEX3[2]     ; 7.193 ; 7.162 ; 7.696  ; 7.580  ;
; SW[7]      ; HEX3[5]     ; 7.324 ; 7.260 ; 7.802  ; 7.665  ;
; SW[7]      ; HEX3[6]     ;       ; 7.314 ; 7.807  ;        ;
; SW[7]      ; LED[7]      ; 5.786 ;       ;        ; 6.146  ;
; SW[7]      ; LED[8]      ; 8.352 ;       ;        ; 8.879  ;
; SW[7]      ; LED[9]      ; 8.774 ; 8.807 ; 9.240  ; 9.261  ;
; SW[8]      ; HEX0[0]     ; 8.146 ; 8.062 ; 8.586  ; 8.502  ;
; SW[8]      ; HEX0[1]     ; 8.121 ; 8.035 ; 8.561  ; 8.475  ;
; SW[8]      ; HEX0[2]     ; 7.728 ; 7.636 ; 8.197  ; 8.076  ;
; SW[8]      ; HEX0[3]     ; 7.628 ; 7.703 ; 8.068  ; 8.143  ;
; SW[8]      ; HEX0[4]     ; 7.702 ; 7.639 ; 8.142  ; 8.108  ;
; SW[8]      ; HEX0[5]     ; 7.725 ; 7.657 ; 8.165  ; 8.126  ;
; SW[8]      ; HEX0[6]     ; 7.703 ; 7.644 ; 8.143  ; 8.113  ;
; SW[8]      ; LED[8]      ; 8.654 ; 9.145 ; 9.505  ; 9.217  ;
; SW[8]      ; LED[9]      ; 8.416 ; 8.442 ; 8.877  ; 8.903  ;
+------------+-------------+-------+-------+--------+--------+


----------------------------------------------
; Slow 1200mV 85C Model Metastability Report ;
----------------------------------------------
No synchronizer chains to report.


-------------------------------------
; Slow 1200mV 0C Model Fmax Summary ;
-------------------------------------
No paths to report.


--------------------------------------
; Slow 1200mV 0C Model Setup Summary ;
--------------------------------------
No paths to report.


-------------------------------------
; Slow 1200mV 0C Model Hold Summary ;
-------------------------------------
No paths to report.


-----------------------------------------
; Slow 1200mV 0C Model Recovery Summary ;
-----------------------------------------
No paths to report.


----------------------------------------
; Slow 1200mV 0C Model Removal Summary ;
----------------------------------------
No paths to report.


----------------------------------------------------
; Slow 1200mV 0C Model Minimum Pulse Width Summary ;
----------------------------------------------------
No paths to report.


+----------------------------------------------------------+
; Propagation Delay                                        ;
+------------+-------------+-------+-------+-------+-------+
; Input Port ; Output Port ; RR    ; RF    ; FR    ; FF    ;
+------------+-------------+-------+-------+-------+-------+
; SW[0]      ; HEX0[0]     ; 9.124 ; 9.019 ; 9.551 ; 9.446 ;
; SW[0]      ; HEX0[1]     ; 9.130 ; 9.013 ; 9.557 ; 9.440 ;
; SW[0]      ; HEX0[2]     ; 8.728 ; 8.626 ; 9.155 ; 9.053 ;
; SW[0]      ; HEX0[3]     ; 8.497 ; 8.565 ; 8.924 ; 8.992 ;
; SW[0]      ; HEX0[4]     ; 8.552 ; 8.496 ; 8.979 ; 8.923 ;
; SW[0]      ; HEX0[5]     ; 8.751 ; 8.640 ; 9.178 ; 9.067 ;
; SW[0]      ; HEX0[6]     ; 8.696 ; 8.610 ; 9.123 ; 9.037 ;
; SW[0]      ; HEX2[0]     ; 6.819 ; 6.735 ; 7.264 ; 7.144 ;
; SW[0]      ; HEX2[1]     ; 6.648 ; 6.548 ; 7.064 ; 7.020 ;
; SW[0]      ; HEX2[2]     ;       ; 6.674 ; 7.163 ;       ;
; SW[0]      ; HEX2[3]     ; 6.574 ; 6.607 ; 6.925 ; 7.070 ;
; SW[0]      ; HEX2[4]     ; 6.672 ;       ;       ; 7.027 ;
; SW[0]      ; HEX2[5]     ; 6.675 ;       ;       ; 7.013 ;
; SW[0]      ; HEX2[6]     ; 7.079 ;       ;       ; 7.376 ;
; SW[0]      ; LED[0]      ; 5.334 ;       ;       ; 5.678 ;
; SW[0]      ; LED[8]      ; 9.006 ; 9.100 ; 9.437 ; 9.527 ;
; SW[0]      ; LED[9]      ; 9.541 ; 9.526 ; 9.968 ; 9.953 ;
; SW[1]      ; HEX0[0]     ; 8.968 ; 8.823 ; 9.360 ; 9.215 ;
; SW[1]      ; HEX0[1]     ; 8.934 ; 8.839 ; 9.326 ; 9.231 ;
; SW[1]      ; HEX0[2]     ; 8.532 ; 8.470 ; 8.924 ; 8.862 ;
; SW[1]      ; HEX0[3]     ; 8.301 ; 8.395 ; 8.693 ; 8.787 ;
; SW[1]      ; HEX0[4]     ; 8.396 ; 8.300 ; 8.788 ; 8.692 ;
; SW[1]      ; HEX0[5]     ; 8.555 ; 8.484 ; 8.947 ; 8.876 ;
; SW[1]      ; HEX0[6]     ; 8.500 ; 8.454 ; 8.892 ; 8.846 ;
; SW[1]      ; HEX2[0]     ; 6.508 ; 6.397 ; 6.895 ; 6.776 ;
; SW[1]      ; HEX2[1]     ; 6.354 ; 6.261 ; 6.744 ; 6.643 ;
; SW[1]      ; HEX2[2]     ; 6.442 ;       ;       ; 6.750 ;
; SW[1]      ; HEX2[3]     ; 6.475 ; 6.573 ; 6.893 ; 6.950 ;
; SW[1]      ; HEX2[4]     ;       ; 6.480 ; 6.941 ;       ;
; SW[1]      ; HEX2[5]     ; 6.369 ; 6.274 ; 6.751 ; 6.648 ;
; SW[1]      ; HEX2[6]     ; 6.769 ; 6.650 ; 7.159 ; 7.032 ;
; SW[1]      ; LED[1]      ; 5.616 ;       ;       ; 5.970 ;
; SW[1]      ; LED[8]      ; 8.886 ; 8.742 ; 9.278 ; 9.126 ;
; SW[1]      ; LED[9]      ; 9.328 ; 9.317 ; 9.720 ; 9.709 ;
; SW[2]      ; HEX0[0]     ; 8.755 ; 8.630 ; 9.159 ; 9.034 ;
; SW[2]      ; HEX0[1]     ; 8.730 ; 8.606 ; 9.134 ; 9.010 ;
; SW[2]      ; HEX0[2]     ; 8.317 ; 8.233 ; 8.721 ; 8.637 ;
; SW[2]      ; HEX0[3]     ; 7.979 ; 8.074 ; 8.385 ; 8.478 ;
; SW[2]      ; HEX0[4]     ; 8.075 ; 7.966 ; 8.479 ; 8.384 ;
; SW[2]      ; HEX0[5]     ; 8.340 ; 8.246 ; 8.744 ; 8.650 ;
; SW[2]      ; HEX0[6]     ; 8.291 ; 8.219 ; 8.695 ; 8.623 ;
; SW[2]      ; HEX2[0]     ; 6.741 ; 6.661 ; 7.173 ; 7.046 ;
; SW[2]      ; HEX2[1]     ; 6.575 ; 6.483 ; 6.983 ; 6.932 ;
; SW[2]      ; HEX2[2]     ; 6.635 ; 6.574 ; 7.036 ; 6.956 ;
; SW[2]      ; HEX2[3]     ; 6.250 ; 6.349 ; 6.642 ; 6.749 ;
; SW[2]      ; HEX2[4]     ; 6.366 ;       ;       ; 6.670 ;
; SW[2]      ; HEX2[5]     ; 6.556 ; 6.536 ; 7.032 ; 6.881 ;
; SW[2]      ; HEX2[6]     ; 6.947 ; 6.916 ; 7.435 ; 7.264 ;
; SW[2]      ; LED[2]      ; 6.527 ;       ;       ; 6.972 ;
; SW[2]      ; LED[8]      ; 8.832 ; 8.930 ; 9.250 ; 9.334 ;
; SW[2]      ; LED[9]      ; 9.371 ; 9.356 ; 9.775 ; 9.760 ;
; SW[3]      ; HEX0[0]     ; 8.491 ; 8.358 ; 8.867 ; 8.759 ;
; SW[3]      ; HEX0[1]     ; 8.466 ; 8.335 ; 8.842 ; 8.735 ;
; SW[3]      ; HEX0[2]     ; 8.053 ; 7.961 ; 8.429 ; 8.362 ;
; SW[3]      ; HEX0[5]     ; 8.076 ; 7.974 ; 8.452 ; 8.375 ;
; SW[3]      ; HEX0[6]     ; 8.019 ; 7.955 ; 8.420 ; 8.331 ;
; SW[3]      ; HEX2[0]     ; 6.801 ; 6.688 ; 7.179 ; 7.095 ;
; SW[3]      ; HEX2[1]     ; 6.647 ; 6.554 ; 7.027 ; 6.961 ;
; SW[3]      ; HEX2[2]     ; 6.743 ; 6.669 ; 7.116 ; 7.071 ;
; SW[3]      ; HEX2[5]     ; 6.662 ; 6.565 ; 7.033 ; 6.967 ;
; SW[3]      ; HEX2[6]     ;       ; 6.951 ; 7.444 ;       ;
; SW[3]      ; LED[3]      ; 5.394 ;       ;       ; 5.750 ;
; SW[3]      ; LED[8]      ; 9.095 ; 8.948 ; 9.471 ; 9.353 ;
; SW[3]      ; LED[9]      ; 9.537 ; 9.526 ; 9.913 ; 9.902 ;
; SW[4]      ; HEX0[0]     ; 8.289 ; 8.144 ; 8.667 ; 8.562 ;
; SW[4]      ; HEX0[1]     ; 8.255 ; 8.160 ; 8.673 ; 8.556 ;
; SW[4]      ; HEX0[2]     ; 7.853 ; 7.791 ; 8.271 ; 8.169 ;
; SW[4]      ; HEX0[3]     ; 7.622 ; 7.716 ; 8.040 ; 8.108 ;
; SW[4]      ; HEX0[4]     ; 7.717 ; 7.621 ; 8.095 ; 8.039 ;
; SW[4]      ; HEX0[5]     ; 7.876 ; 7.805 ; 8.294 ; 8.183 ;
; SW[4]      ; HEX0[6]     ; 7.821 ; 7.775 ; 8.239 ; 8.153 ;
; SW[4]      ; HEX3[0]     ; 6.540 ; 6.438 ; 6.891 ; 6.781 ;
; SW[4]      ; HEX3[1]     ; 6.888 ; 6.771 ; 7.250 ; 7.125 ;
; SW[4]      ; HEX3[2]     ;       ; 6.483 ; 6.943 ;       ;
; SW[4]      ; HEX3[3]     ; 6.492 ; 6.583 ; 6.840 ; 6.939 ;
; SW[4]      ; HEX3[4]     ; 6.732 ;       ;       ; 6.968 ;
; SW[4]      ; HEX3[5]     ; 6.729 ;       ;       ; 6.958 ;
; SW[4]      ; HEX3[6]     ; 6.719 ;       ;       ; 6.962 ;
; SW[4]      ; LED[4]      ; 5.342 ;       ;       ; 5.678 ;
; SW[4]      ; LED[8]      ; 8.207 ;       ;       ; 8.643 ;
; SW[4]      ; LED[9]      ; 8.649 ; 8.638 ; 9.084 ; 9.069 ;
; SW[5]      ; HEX0[0]     ; 8.505 ; 8.360 ; 8.710 ; 8.605 ;
; SW[5]      ; HEX0[1]     ; 8.471 ; 8.376 ; 8.716 ; 8.599 ;
; SW[5]      ; HEX0[2]     ; 8.069 ; 8.007 ; 8.314 ; 8.212 ;
; SW[5]      ; HEX0[3]     ; 7.838 ; 7.932 ; 8.083 ; 8.151 ;
; SW[5]      ; HEX0[4]     ; 7.933 ; 7.837 ; 8.138 ; 8.082 ;
; SW[5]      ; HEX0[5]     ; 8.092 ; 8.021 ; 8.337 ; 8.226 ;
; SW[5]      ; HEX0[6]     ; 8.037 ; 7.991 ; 8.282 ; 8.196 ;
; SW[5]      ; HEX3[0]     ; 6.905 ; 6.886 ; 7.361 ; 7.223 ;
; SW[5]      ; HEX3[1]     ; 7.310 ; 7.168 ; 7.659 ; 7.611 ;
; SW[5]      ; HEX3[2]     ; 7.008 ;       ;       ; 7.298 ;
; SW[5]      ; HEX3[3]     ; 6.899 ; 6.995 ; 7.312 ; 7.371 ;
; SW[5]      ; HEX3[4]     ;       ; 7.078 ; 7.554 ;       ;
; SW[5]      ; HEX3[5]     ; 7.161 ; 7.021 ; 7.519 ; 7.437 ;
; SW[5]      ; HEX3[6]     ; 7.098 ; 7.063 ; 7.520 ; 7.392 ;
; SW[5]      ; LED[5]      ; 5.340 ;       ;       ; 5.680 ;
; SW[5]      ; LED[8]      ; 8.423 ;       ;       ; 8.686 ;
; SW[5]      ; LED[9]      ; 8.865 ; 8.854 ; 9.127 ; 9.112 ;
; SW[6]      ; HEX0[0]     ; 8.033 ; 7.955 ; 8.617 ; 8.492 ;
; SW[6]      ; HEX0[1]     ; 8.066 ; 7.949 ; 8.592 ; 8.468 ;
; SW[6]      ; HEX0[2]     ; 7.664 ; 7.552 ; 8.179 ; 8.095 ;
; SW[6]      ; HEX0[3]     ; 7.433 ; 7.501 ; 7.839 ; 7.934 ;
; SW[6]      ; HEX0[4]     ; 7.443 ; 7.432 ; 7.935 ; 7.791 ;
; SW[6]      ; HEX0[5]     ; 7.687 ; 7.564 ; 8.202 ; 8.108 ;
; SW[6]      ; HEX0[6]     ; 7.632 ; 7.519 ; 8.153 ; 8.081 ;
; SW[6]      ; HEX3[0]     ; 6.832 ; 6.728 ; 7.250 ; 7.177 ;
; SW[6]      ; HEX3[1]     ; 7.192 ; 7.073 ; 7.607 ; 7.517 ;
; SW[6]      ; HEX3[2]     ; 6.874 ; 6.771 ; 7.294 ; 7.221 ;
; SW[6]      ; HEX3[3]     ; 6.780 ; 6.871 ; 7.228 ; 7.292 ;
; SW[6]      ; HEX3[4]     ; 7.031 ;       ;       ; 7.364 ;
; SW[6]      ; HEX3[5]     ; 7.027 ; 6.910 ; 7.444 ; 7.356 ;
; SW[6]      ; HEX3[6]     ; 7.007 ; 6.906 ; 7.428 ; 7.354 ;
; SW[6]      ; LED[6]      ; 5.381 ;       ;       ; 5.711 ;
; SW[6]      ; LED[8]      ; 8.298 ;       ;       ; 8.792 ;
; SW[6]      ; LED[9]      ; 8.740 ; 8.729 ; 9.233 ; 9.218 ;
; SW[7]      ; HEX0[0]     ; 7.580 ; 7.451 ; 7.941 ; 7.837 ;
; SW[7]      ; HEX0[1]     ; 7.555 ; 7.427 ; 7.915 ; 7.813 ;
; SW[7]      ; HEX0[2]     ; 7.142 ; 7.054 ; 7.503 ; 7.440 ;
; SW[7]      ; HEX0[5]     ; 7.165 ; 7.067 ; 7.526 ; 7.453 ;
; SW[7]      ; HEX0[6]     ; 7.112 ; 7.044 ; 7.498 ; 7.393 ;
; SW[7]      ; HEX3[0]     ; 6.769 ; 6.693 ; 7.152 ; 7.065 ;
; SW[7]      ; HEX3[1]     ; 7.168 ; 7.090 ; 7.562 ; 7.457 ;
; SW[7]      ; HEX3[2]     ; 6.844 ; 6.800 ; 7.265 ; 7.143 ;
; SW[7]      ; HEX3[5]     ; 6.996 ; 6.936 ; 7.411 ; 7.273 ;
; SW[7]      ; HEX3[6]     ;       ; 6.925 ; 7.372 ;       ;
; SW[7]      ; LED[7]      ; 5.514 ;       ;       ; 5.809 ;
; SW[7]      ; LED[8]      ; 8.188 ;       ;       ; 8.432 ;
; SW[7]      ; LED[9]      ; 8.630 ; 8.619 ; 8.873 ; 8.858 ;
; SW[8]      ; HEX0[0]     ; 9.248 ; 9.103 ; 9.633 ; 9.488 ;
; SW[8]      ; HEX0[1]     ; 9.214 ; 9.119 ; 9.599 ; 9.504 ;
; SW[8]      ; HEX0[2]     ; 8.812 ; 8.750 ; 9.197 ; 9.135 ;
; SW[8]      ; HEX0[3]     ; 8.581 ; 8.675 ; 8.966 ; 9.060 ;
; SW[8]      ; HEX0[4]     ; 8.676 ; 8.580 ; 9.061 ; 8.965 ;
; SW[8]      ; HEX0[5]     ; 8.835 ; 8.764 ; 9.220 ; 9.149 ;
; SW[8]      ; HEX0[6]     ; 8.780 ; 8.734 ; 9.165 ; 9.119 ;
; SW[8]      ; LED[8]      ; 9.166 ; 9.010 ; 9.551 ; 9.449 ;
; SW[8]      ; LED[9]      ; 9.608 ; 9.597 ; 9.993 ; 9.982 ;
+------------+-------------+-------+-------+-------+-------+


+----------------------------------------------------------+
; Minimum Propagation Delay                                ;
+------------+-------------+-------+-------+-------+-------+
; Input Port ; Output Port ; RR    ; RF    ; FR    ; FF    ;
+------------+-------------+-------+-------+-------+-------+
; SW[0]      ; HEX0[0]     ; 7.892 ; 7.762 ; 8.321 ; 8.188 ;
; SW[0]      ; HEX0[1]     ; 7.863 ; 7.737 ; 8.292 ; 8.164 ;
; SW[0]      ; HEX0[2]     ; 7.483 ; 7.380 ; 7.900 ; 7.809 ;
; SW[0]      ; HEX0[3]     ; 7.377 ; 7.470 ; 7.802 ; 7.899 ;
; SW[0]      ; HEX0[4]     ; 7.461 ; 7.382 ; 7.890 ; 7.799 ;
; SW[0]      ; HEX0[5]     ; 7.488 ; 7.400 ; 7.917 ; 7.817 ;
; SW[0]      ; HEX0[6]     ; 7.463 ; 7.386 ; 7.892 ; 7.803 ;
; SW[0]      ; HEX2[0]     ; 6.597 ; 6.568 ; 7.076 ; 6.933 ;
; SW[0]      ; HEX2[1]     ; 6.493 ; 6.394 ; 6.896 ; 6.851 ;
; SW[0]      ; HEX2[2]     ;       ; 6.499 ; 6.970 ;       ;
; SW[0]      ; HEX2[3]     ; 6.374 ; 6.450 ; 6.755 ; 6.880 ;
; SW[0]      ; HEX2[4]     ; 6.457 ;       ;       ; 6.807 ;
; SW[0]      ; HEX2[5]     ; 6.459 ;       ;       ; 6.808 ;
; SW[0]      ; HEX2[6]     ; 6.856 ;       ;       ; 7.182 ;
; SW[0]      ; LED[0]      ; 5.236 ;       ;       ; 5.570 ;
; SW[0]      ; LED[8]      ; 8.585 ; 8.618 ; 9.014 ; 9.018 ;
; SW[0]      ; LED[9]      ; 8.131 ; 8.104 ; 8.524 ; 8.515 ;
; SW[1]      ; HEX0[0]     ; 7.984 ; 7.882 ; 8.358 ; 8.256 ;
; SW[1]      ; HEX0[1]     ; 7.973 ; 7.840 ; 8.347 ; 8.214 ;
; SW[1]      ; HEX0[2]     ; 7.593 ; 7.543 ; 7.967 ; 7.917 ;
; SW[1]      ; HEX0[3]     ; 7.483 ; 7.561 ; 7.857 ; 7.935 ;
; SW[1]      ; HEX0[4]     ; 7.603 ; 7.526 ; 7.977 ; 7.900 ;
; SW[1]      ; HEX0[5]     ; 7.582 ; 7.508 ; 7.956 ; 7.882 ;
; SW[1]      ; HEX0[6]     ; 7.555 ; 7.493 ; 7.929 ; 7.867 ;
; SW[1]      ; HEX2[0]     ; 6.357 ; 6.248 ; 6.733 ; 6.618 ;
; SW[1]      ; HEX2[1]     ; 6.209 ; 6.117 ; 6.588 ; 6.490 ;
; SW[1]      ; HEX2[2]     ; 6.294 ;       ;       ; 6.593 ;
; SW[1]      ; HEX2[3]     ; 6.315 ; 6.387 ; 6.654 ; 6.786 ;
; SW[1]      ; HEX2[4]     ;       ; 6.329 ; 6.777 ;       ;
; SW[1]      ; HEX2[5]     ; 6.224 ; 6.130 ; 6.596 ; 6.496 ;
; SW[1]      ; HEX2[6]     ; 6.607 ; 6.491 ; 6.985 ; 6.863 ;
; SW[1]      ; LED[1]      ; 5.507 ;       ;       ; 5.851 ;
; SW[1]      ; LED[8]      ; 8.423 ; 8.419 ; 8.803 ; 8.793 ;
; SW[1]      ; LED[9]      ; 7.807 ; 7.782 ; 8.155 ; 8.124 ;
; SW[2]      ; HEX0[0]     ; 8.159 ; 8.029 ; 8.567 ; 8.437 ;
; SW[2]      ; HEX0[1]     ; 8.133 ; 8.005 ; 8.541 ; 8.413 ;
; SW[2]      ; HEX0[2]     ; 7.738 ; 7.647 ; 8.146 ; 8.055 ;
; SW[2]      ; HEX0[3]     ; 7.604 ; 7.699 ; 8.012 ; 8.101 ;
; SW[2]      ; HEX0[4]     ; 7.701 ; 7.637 ; 8.109 ; 8.033 ;
; SW[2]      ; HEX0[5]     ; 7.759 ; 7.658 ; 8.167 ; 8.066 ;
; SW[2]      ; HEX0[6]     ; 7.748 ; 7.642 ; 8.156 ; 8.050 ;
; SW[2]      ; HEX2[0]     ; 6.526 ; 6.501 ; 7.000 ; 6.838 ;
; SW[2]      ; HEX2[1]     ; 6.390 ; 6.313 ; 6.792 ; 6.696 ;
; SW[2]      ; HEX2[2]     ; 6.479 ; 6.418 ; 6.869 ; 6.789 ;
; SW[2]      ; HEX2[3]     ; 6.107 ; 6.204 ; 6.489 ; 6.592 ;
; SW[2]      ; HEX2[4]     ; 6.221 ;       ;       ; 6.517 ;
; SW[2]      ; HEX2[5]     ; 6.393 ; 6.324 ; 6.799 ; 6.699 ;
; SW[2]      ; HEX2[6]     ; 6.777 ; 6.739 ; 7.224 ; 7.082 ;
; SW[2]      ; LED[2]      ; 6.430 ;       ;       ; 6.866 ;
; SW[2]      ; LED[8]      ; 8.421 ; 8.456 ; 8.829 ; 8.833 ;
; SW[2]      ; LED[9]      ; 7.859 ; 7.825 ; 8.256 ; 8.216 ;
; SW[3]      ; HEX0[0]     ; 8.168 ; 8.056 ; 8.563 ; 8.436 ;
; SW[3]      ; HEX0[1]     ; 8.141 ; 8.032 ; 8.536 ; 8.412 ;
; SW[3]      ; HEX0[2]     ; 7.746 ; 7.674 ; 8.141 ; 8.054 ;
; SW[3]      ; HEX0[5]     ; 7.768 ; 7.685 ; 8.163 ; 8.065 ;
; SW[3]      ; HEX0[6]     ; 7.741 ; 7.669 ; 8.136 ; 8.049 ;
; SW[3]      ; HEX2[0]     ; 6.638 ; 6.527 ; 7.006 ; 6.923 ;
; SW[3]      ; HEX2[1]     ; 6.491 ; 6.397 ; 6.860 ; 6.795 ;
; SW[3]      ; HEX2[2]     ; 6.583 ; 6.509 ; 6.947 ; 6.900 ;
; SW[3]      ; HEX2[5]     ; 6.505 ; 6.411 ; 6.868 ; 6.800 ;
; SW[3]      ; HEX2[6]     ;       ; 6.780 ; 7.260 ;       ;
; SW[3]      ; LED[3]      ; 5.295 ;       ;       ; 5.640 ;
; SW[3]      ; LED[8]      ; 8.622 ; 8.619 ; 8.989 ; 9.014 ;
; SW[3]      ; LED[9]      ; 8.995 ; 8.957 ; 9.370 ; 9.346 ;
; SW[4]      ; HEX0[0]     ; 7.185 ; 7.055 ; 7.538 ; 7.402 ;
; SW[4]      ; HEX0[1]     ; 7.156 ; 7.030 ; 7.510 ; 7.378 ;
; SW[4]      ; HEX0[2]     ; 6.777 ; 6.673 ; 7.114 ; 7.039 ;
; SW[4]      ; HEX0[3]     ; 6.670 ; 6.763 ; 7.016 ; 7.115 ;
; SW[4]      ; HEX0[4]     ; 6.754 ; 6.676 ; 7.120 ; 7.013 ;
; SW[4]      ; HEX0[5]     ; 6.781 ; 6.694 ; 7.147 ; 7.031 ;
; SW[4]      ; HEX0[6]     ; 6.756 ; 6.680 ; 7.122 ; 7.017 ;
; SW[4]      ; HEX3[0]     ; 6.389 ; 6.289 ; 6.730 ; 6.624 ;
; SW[4]      ; HEX3[1]     ; 6.721 ; 6.607 ; 7.073 ; 6.953 ;
; SW[4]      ; HEX3[2]     ;       ; 6.332 ; 6.779 ;       ;
; SW[4]      ; HEX3[3]     ; 6.340 ; 6.430 ; 6.680 ; 6.776 ;
; SW[4]      ; HEX3[4]     ; 6.572 ;       ;       ; 6.802 ;
; SW[4]      ; HEX3[5]     ; 6.569 ;       ;       ; 6.793 ;
; SW[4]      ; HEX3[6]     ; 6.560 ;       ;       ; 6.796 ;
; SW[4]      ; LED[4]      ; 5.245 ;       ;       ; 5.571 ;
; SW[4]      ; LED[8]      ; 7.878 ;       ;       ; 8.242 ;
; SW[4]      ; LED[9]      ; 7.994 ; 7.967 ; 8.331 ; 8.309 ;
; SW[5]      ; HEX0[0]     ; 7.549 ; 7.447 ; 7.935 ; 7.833 ;
; SW[5]      ; HEX0[1]     ; 7.538 ; 7.432 ; 7.924 ; 7.790 ;
; SW[5]      ; HEX0[2]     ; 7.158 ; 7.143 ; 7.544 ; 7.493 ;
; SW[5]      ; HEX0[3]     ; 7.058 ; 7.126 ; 7.433 ; 7.512 ;
; SW[5]      ; HEX0[4]     ; 7.203 ; 7.091 ; 7.553 ; 7.477 ;
; SW[5]      ; HEX0[5]     ; 7.147 ; 7.073 ; 7.533 ; 7.459 ;
; SW[5]      ; HEX0[6]     ; 7.120 ; 7.058 ; 7.506 ; 7.444 ;
; SW[5]      ; HEX3[0]     ; 6.740 ; 6.668 ; 7.131 ; 7.047 ;
; SW[5]      ; HEX3[1]     ; 7.078 ; 6.989 ; 7.467 ; 7.367 ;
; SW[5]      ; HEX3[2]     ; 6.812 ;       ;       ; 7.117 ;
; SW[5]      ; HEX3[3]     ; 6.712 ; 6.777 ; 7.078 ; 7.172 ;
; SW[5]      ; HEX3[4]     ;       ; 6.880 ; 7.348 ;       ;
; SW[5]      ; HEX3[5]     ; 6.941 ; 6.848 ; 7.333 ; 7.192 ;
; SW[5]      ; HEX3[6]     ; 6.909 ; 6.837 ; 7.292 ; 7.185 ;
; SW[5]      ; LED[5]      ; 5.243 ;       ;       ; 5.573 ;
; SW[5]      ; LED[8]      ; 7.978 ;       ;       ; 8.374 ;
; SW[5]      ; LED[9]      ; 7.987 ; 7.978 ; 8.417 ; 8.352 ;
; SW[6]      ; HEX0[0]     ; 7.703 ; 7.573 ; 8.154 ; 8.035 ;
; SW[6]      ; HEX0[1]     ; 7.677 ; 7.549 ; 8.130 ; 8.000 ;
; SW[6]      ; HEX0[2]     ; 7.282 ; 7.191 ; 7.735 ; 7.653 ;
; SW[6]      ; HEX0[3]     ; 7.148 ; 7.243 ; 7.569 ; 7.642 ;
; SW[6]      ; HEX0[4]     ; 7.245 ; 7.182 ; 7.666 ; 7.574 ;
; SW[6]      ; HEX0[5]     ; 7.303 ; 7.202 ; 7.754 ; 7.664 ;
; SW[6]      ; HEX0[6]     ; 7.292 ; 7.186 ; 7.727 ; 7.648 ;
; SW[6]      ; HEX3[0]     ; 6.667 ; 6.567 ; 7.076 ; 7.002 ;
; SW[6]      ; HEX3[1]     ; 7.011 ; 6.895 ; 7.415 ; 7.327 ;
; SW[6]      ; HEX3[2]     ; 6.709 ; 6.608 ; 7.117 ; 7.045 ;
; SW[6]      ; HEX3[3]     ; 6.614 ; 6.706 ; 7.051 ; 7.114 ;
; SW[6]      ; HEX3[4]     ; 6.859 ;       ;       ; 7.182 ;
; SW[6]      ; HEX3[5]     ; 6.853 ; 6.738 ; 7.259 ; 7.172 ;
; SW[6]      ; HEX3[6]     ; 6.836 ; 6.734 ; 7.244 ; 7.171 ;
; SW[6]      ; LED[6]      ; 5.283 ;       ;       ; 5.603 ;
; SW[6]      ; LED[8]      ; 7.965 ;       ;       ; 8.384 ;
; SW[6]      ; LED[9]      ; 7.482 ; 7.446 ; 7.887 ; 7.879 ;
; SW[7]      ; HEX0[0]     ; 7.330 ; 7.200 ; 7.681 ; 7.568 ;
; SW[7]      ; HEX0[1]     ; 7.304 ; 7.176 ; 7.654 ; 7.544 ;
; SW[7]      ; HEX0[2]     ; 6.909 ; 6.818 ; 7.259 ; 7.186 ;
; SW[7]      ; HEX0[5]     ; 6.930 ; 6.829 ; 7.281 ; 7.197 ;
; SW[7]      ; HEX0[6]     ; 6.919 ; 6.813 ; 7.254 ; 7.181 ;
; SW[7]      ; HEX3[0]     ; 6.610 ; 6.535 ; 6.982 ; 6.897 ;
; SW[7]      ; HEX3[1]     ; 6.947 ; 6.860 ; 7.319 ; 7.221 ;
; SW[7]      ; HEX3[2]     ; 6.682 ; 6.637 ; 7.090 ; 6.972 ;
; SW[7]      ; HEX3[5]     ; 6.807 ; 6.717 ; 7.190 ; 7.042 ;
; SW[7]      ; HEX3[6]     ;       ; 6.755 ; 7.191 ;       ;
; SW[7]      ; LED[7]      ; 5.411 ;       ;       ; 5.699 ;
; SW[7]      ; LED[8]      ; 7.754 ;       ;       ; 8.127 ;
; SW[7]      ; LED[9]      ; 8.135 ; 8.111 ; 8.503 ; 8.465 ;
; SW[8]      ; HEX0[0]     ; 7.566 ; 7.430 ; 7.926 ; 7.796 ;
; SW[8]      ; HEX0[1]     ; 7.538 ; 7.406 ; 7.897 ; 7.771 ;
; SW[8]      ; HEX0[2]     ; 7.142 ; 7.060 ; 7.520 ; 7.414 ;
; SW[8]      ; HEX0[3]     ; 7.044 ; 7.143 ; 7.411 ; 7.504 ;
; SW[8]      ; HEX0[4]     ; 7.141 ; 7.041 ; 7.495 ; 7.419 ;
; SW[8]      ; HEX0[5]     ; 7.168 ; 7.059 ; 7.522 ; 7.437 ;
; SW[8]      ; HEX0[6]     ; 7.143 ; 7.045 ; 7.497 ; 7.423 ;
; SW[8]      ; LED[8]      ; 8.023 ; 8.397 ; 8.769 ; 8.428 ;
; SW[8]      ; LED[9]      ; 7.825 ; 7.785 ; 8.214 ; 8.180 ;
+------------+-------------+-------+-------+-------+-------+


---------------------------------------------
; Slow 1200mV 0C Model Metastability Report ;
---------------------------------------------
No synchronizer chains to report.


--------------------------------------
; Fast 1200mV 0C Model Setup Summary ;
--------------------------------------
No paths to report.


-------------------------------------
; Fast 1200mV 0C Model Hold Summary ;
-------------------------------------
No paths to report.


-----------------------------------------
; Fast 1200mV 0C Model Recovery Summary ;
-----------------------------------------
No paths to report.


----------------------------------------
; Fast 1200mV 0C Model Removal Summary ;
----------------------------------------
No paths to report.


----------------------------------------------------
; Fast 1200mV 0C Model Minimum Pulse Width Summary ;
----------------------------------------------------
No paths to report.


+----------------------------------------------------------+
; Propagation Delay                                        ;
+------------+-------------+-------+-------+-------+-------+
; Input Port ; Output Port ; RR    ; RF    ; FR    ; FF    ;
+------------+-------------+-------+-------+-------+-------+
; SW[0]      ; HEX0[0]     ; 5.749 ; 5.811 ; 6.421 ; 6.483 ;
; SW[0]      ; HEX0[1]     ; 5.783 ; 5.816 ; 6.455 ; 6.488 ;
; SW[0]      ; HEX0[2]     ; 5.551 ; 5.540 ; 6.223 ; 6.212 ;
; SW[0]      ; HEX0[3]     ; 5.456 ; 5.431 ; 6.128 ; 6.103 ;
; SW[0]      ; HEX0[4]     ; 5.404 ; 5.453 ; 6.076 ; 6.125 ;
; SW[0]      ; HEX0[5]     ; 5.554 ; 5.541 ; 6.226 ; 6.213 ;
; SW[0]      ; HEX0[6]     ; 5.519 ; 5.514 ; 6.191 ; 6.186 ;
; SW[0]      ; HEX2[0]     ; 4.279 ; 4.306 ; 4.967 ; 4.962 ;
; SW[0]      ; HEX2[1]     ; 4.194 ; 4.194 ; 4.864 ; 4.895 ;
; SW[0]      ; HEX2[2]     ;       ; 4.285 ; 4.941 ;       ;
; SW[0]      ; HEX2[3]     ; 4.192 ; 4.151 ; 4.823 ; 4.851 ;
; SW[0]      ; HEX2[4]     ; 4.208 ;       ;       ; 4.900 ;
; SW[0]      ; HEX2[5]     ; 4.213 ;       ;       ; 4.893 ;
; SW[0]      ; HEX2[6]     ; 4.443 ;       ;       ; 5.140 ;
; SW[0]      ; LED[0]      ; 3.478 ;       ;       ; 4.015 ;
; SW[0]      ; LED[8]      ; 5.753 ; 5.942 ; 6.434 ; 6.614 ;
; SW[0]      ; LED[9]      ; 6.099 ; 6.194 ; 6.771 ; 6.866 ;
; SW[1]      ; HEX0[0]     ; 5.566 ; 5.628 ; 6.204 ; 6.266 ;
; SW[1]      ; HEX0[1]     ; 5.600 ; 5.633 ; 6.238 ; 6.271 ;
; SW[1]      ; HEX0[2]     ; 5.368 ; 5.357 ; 6.006 ; 5.995 ;
; SW[1]      ; HEX0[3]     ; 5.273 ; 5.248 ; 5.911 ; 5.886 ;
; SW[1]      ; HEX0[4]     ; 5.205 ; 5.270 ; 5.843 ; 5.908 ;
; SW[1]      ; HEX0[5]     ; 5.371 ; 5.358 ; 6.009 ; 5.996 ;
; SW[1]      ; HEX0[6]     ; 5.336 ; 5.331 ; 5.974 ; 5.969 ;
; SW[1]      ; HEX2[0]     ; 4.088 ; 4.101 ; 4.729 ; 4.735 ;
; SW[1]      ; HEX2[1]     ; 4.003 ; 4.014 ; 4.641 ; 4.645 ;
; SW[1]      ; HEX2[2]     ; 4.078 ;       ;       ; 4.733 ;
; SW[1]      ; HEX2[3]     ; 4.135 ; 4.133 ; 4.804 ; 4.778 ;
; SW[1]      ; HEX2[4]     ;       ; 4.149 ; 4.782 ;       ;
; SW[1]      ; HEX2[5]     ; 4.021 ; 4.030 ; 4.659 ; 4.661 ;
; SW[1]      ; HEX2[6]     ; 4.253 ; 4.282 ; 4.893 ; 4.915 ;
; SW[1]      ; LED[1]      ; 3.666 ;       ;       ; 4.223 ;
; SW[1]      ; LED[8]      ; 5.671 ; 5.726 ; 6.309 ; 6.357 ;
; SW[1]      ; LED[9]      ; 5.883 ; 5.987 ; 6.521 ; 6.625 ;
; SW[2]      ; HEX0[0]     ; 5.503 ; 5.555 ; 6.151 ; 6.203 ;
; SW[2]      ; HEX0[1]     ; 5.493 ; 5.543 ; 6.141 ; 6.191 ;
; SW[2]      ; HEX0[2]     ; 5.252 ; 5.280 ; 5.900 ; 5.928 ;
; SW[2]      ; HEX0[3]     ; 5.109 ; 5.084 ; 5.757 ; 5.732 ;
; SW[2]      ; HEX0[4]     ; 5.073 ; 5.106 ; 5.721 ; 5.754 ;
; SW[2]      ; HEX0[5]     ; 5.257 ; 5.283 ; 5.905 ; 5.931 ;
; SW[2]      ; HEX0[6]     ; 5.245 ; 5.229 ; 5.893 ; 5.877 ;
; SW[2]      ; HEX2[0]     ; 4.243 ; 4.271 ; 4.915 ; 4.903 ;
; SW[2]      ; HEX2[1]     ; 4.155 ; 4.159 ; 4.805 ; 4.834 ;
; SW[2]      ; HEX2[2]     ; 4.206 ; 4.231 ; 4.854 ; 4.867 ;
; SW[2]      ; HEX2[3]     ; 4.013 ; 4.004 ; 4.646 ; 4.644 ;
; SW[2]      ; HEX2[4]     ; 4.029 ;       ;       ; 4.672 ;
; SW[2]      ; HEX2[5]     ; 4.150 ; 4.203 ; 4.851 ; 4.817 ;
; SW[2]      ; HEX2[6]     ; 4.377 ; 4.456 ; 5.082 ; 5.070 ;
; SW[2]      ; LED[2]      ; 4.281 ;       ;       ; 4.963 ;
; SW[2]      ; LED[8]      ; 5.652 ; 5.842 ; 6.313 ; 6.490 ;
; SW[2]      ; LED[9]      ; 5.999 ; 6.094 ; 6.647 ; 6.742 ;
; SW[3]      ; HEX0[0]     ; 5.336 ; 5.388 ; 6.002 ; 6.054 ;
; SW[3]      ; HEX0[1]     ; 5.326 ; 5.376 ; 5.992 ; 6.042 ;
; SW[3]      ; HEX0[2]     ; 5.085 ; 5.113 ; 5.751 ; 5.779 ;
; SW[3]      ; HEX0[5]     ; 5.090 ; 5.116 ; 5.756 ; 5.782 ;
; SW[3]      ; HEX0[6]     ; 5.078 ; 5.047 ; 5.744 ; 5.713 ;
; SW[3]      ; HEX2[0]     ; 4.281 ; 4.290 ; 4.929 ; 4.957 ;
; SW[3]      ; HEX2[1]     ; 4.202 ; 4.210 ; 4.852 ; 4.878 ;
; SW[3]      ; HEX2[2]     ; 4.277 ; 4.297 ; 4.924 ; 4.963 ;
; SW[3]      ; HEX2[5]     ; 4.214 ; 4.220 ; 4.863 ; 4.888 ;
; SW[3]      ; HEX2[6]     ;       ; 4.477 ; 5.100 ;       ;
; SW[3]      ; LED[3]      ; 3.502 ;       ;       ; 4.069 ;
; SW[3]      ; LED[8]      ; 5.805 ; 5.853 ; 6.453 ; 6.519 ;
; SW[3]      ; LED[9]      ; 6.017 ; 6.121 ; 6.676 ; 6.771 ;
; SW[4]      ; HEX0[0]     ; 5.164 ; 5.226 ; 5.845 ; 5.907 ;
; SW[4]      ; HEX0[1]     ; 5.198 ; 5.231 ; 5.879 ; 5.912 ;
; SW[4]      ; HEX0[2]     ; 4.966 ; 4.955 ; 5.647 ; 5.636 ;
; SW[4]      ; HEX0[3]     ; 4.871 ; 4.846 ; 5.552 ; 5.527 ;
; SW[4]      ; HEX0[4]     ; 4.803 ; 4.868 ; 5.500 ; 5.549 ;
; SW[4]      ; HEX0[5]     ; 4.969 ; 4.956 ; 5.650 ; 5.637 ;
; SW[4]      ; HEX0[6]     ; 4.934 ; 4.929 ; 5.615 ; 5.610 ;
; SW[4]      ; HEX3[0]     ; 4.112 ; 4.136 ; 4.733 ; 4.750 ;
; SW[4]      ; HEX3[1]     ; 4.310 ; 4.349 ; 4.933 ; 4.965 ;
; SW[4]      ; HEX3[2]     ;       ; 4.170 ; 4.764 ;       ;
; SW[4]      ; HEX3[3]     ; 4.172 ; 4.141 ; 4.789 ; 4.765 ;
; SW[4]      ; HEX3[4]     ; 4.215 ;       ;       ; 4.876 ;
; SW[4]      ; HEX3[5]     ; 4.214 ;       ;       ; 4.872 ;
; SW[4]      ; HEX3[6]     ; 4.200 ;       ;       ; 4.855 ;
; SW[4]      ; LED[4]      ; 3.488 ;       ;       ; 4.022 ;
; SW[4]      ; LED[8]      ; 5.269 ;       ;       ; 6.038 ;
; SW[4]      ; LED[9]      ; 5.481 ; 5.585 ; 6.195 ; 6.290 ;
; SW[5]      ; HEX0[0]     ; 5.295 ; 5.357 ; 5.875 ; 5.937 ;
; SW[5]      ; HEX0[1]     ; 5.329 ; 5.362 ; 5.909 ; 5.942 ;
; SW[5]      ; HEX0[2]     ; 5.097 ; 5.086 ; 5.677 ; 5.666 ;
; SW[5]      ; HEX0[3]     ; 5.002 ; 4.977 ; 5.582 ; 5.557 ;
; SW[5]      ; HEX0[4]     ; 4.934 ; 4.999 ; 5.489 ; 5.579 ;
; SW[5]      ; HEX0[5]     ; 5.100 ; 5.087 ; 5.680 ; 5.667 ;
; SW[5]      ; HEX0[6]     ; 5.065 ; 5.060 ; 5.645 ; 5.640 ;
; SW[5]      ; HEX3[0]     ; 4.338 ; 4.408 ; 5.049 ; 5.043 ;
; SW[5]      ; HEX3[1]     ; 4.565 ; 4.581 ; 5.215 ; 5.288 ;
; SW[5]      ; HEX3[2]     ; 4.397 ;       ;       ; 5.090 ;
; SW[5]      ; HEX3[3]     ; 4.417 ; 4.392 ; 5.095 ; 5.055 ;
; SW[5]      ; HEX3[4]     ;       ; 4.537 ; 5.159 ;       ;
; SW[5]      ; HEX3[5]     ; 4.482 ; 4.505 ; 5.139 ; 5.189 ;
; SW[5]      ; HEX3[6]     ; 4.427 ; 4.503 ; 5.123 ; 5.144 ;
; SW[5]      ; LED[5]      ; 3.482 ;       ;       ; 4.020 ;
; SW[5]      ; LED[8]      ; 5.400 ;       ;       ; 6.068 ;
; SW[5]      ; LED[9]      ; 5.612 ; 5.716 ; 6.225 ; 6.320 ;
; SW[6]      ; HEX0[0]     ; 5.097 ; 5.159 ; 5.832 ; 5.884 ;
; SW[6]      ; HEX0[1]     ; 5.131 ; 5.164 ; 5.822 ; 5.872 ;
; SW[6]      ; HEX0[2]     ; 4.899 ; 4.888 ; 5.581 ; 5.609 ;
; SW[6]      ; HEX0[3]     ; 4.804 ; 4.779 ; 5.432 ; 5.407 ;
; SW[6]      ; HEX0[4]     ; 4.685 ; 4.801 ; 5.401 ; 5.429 ;
; SW[6]      ; HEX0[5]     ; 4.902 ; 4.889 ; 5.586 ; 5.612 ;
; SW[6]      ; HEX0[6]     ; 4.867 ; 4.862 ; 5.574 ; 5.558 ;
; SW[6]      ; HEX3[0]     ; 4.344 ; 4.365 ; 4.996 ; 5.036 ;
; SW[6]      ; HEX3[1]     ; 4.544 ; 4.580 ; 5.200 ; 5.254 ;
; SW[6]      ; HEX3[2]     ; 4.365 ; 4.390 ; 5.020 ; 5.064 ;
; SW[6]      ; HEX3[3]     ; 4.399 ; 4.371 ; 5.072 ; 5.026 ;
; SW[6]      ; HEX3[4]     ; 4.455 ;       ;       ; 5.168 ;
; SW[6]      ; HEX3[5]     ; 4.454 ; 4.492 ; 5.108 ; 5.164 ;
; SW[6]      ; HEX3[6]     ; 4.423 ; 4.464 ; 5.074 ; 5.133 ;
; SW[6]      ; LED[6]      ; 3.501 ;       ;       ; 4.045 ;
; SW[6]      ; LED[8]      ; 5.369 ;       ;       ; 6.171 ;
; SW[6]      ; LED[9]      ; 5.581 ; 5.685 ; 6.328 ; 6.423 ;
; SW[7]      ; HEX0[0]     ; 4.730 ; 4.782 ; 5.389 ; 5.441 ;
; SW[7]      ; HEX0[1]     ; 4.720 ; 4.770 ; 5.379 ; 5.429 ;
; SW[7]      ; HEX0[2]     ; 4.479 ; 4.507 ; 5.138 ; 5.166 ;
; SW[7]      ; HEX0[5]     ; 4.484 ; 4.510 ; 5.143 ; 5.169 ;
; SW[7]      ; HEX0[6]     ; 4.472 ; 4.463 ; 5.131 ; 5.105 ;
; SW[7]      ; HEX3[0]     ; 4.263 ; 4.295 ; 4.917 ; 4.949 ;
; SW[7]      ; HEX3[1]     ; 4.490 ; 4.546 ; 5.159 ; 5.196 ;
; SW[7]      ; HEX3[2]     ; 4.311 ; 4.369 ; 4.997 ; 5.002 ;
; SW[7]      ; HEX3[5]     ; 4.392 ; 4.462 ; 5.075 ; 5.092 ;
; SW[7]      ; HEX3[6]     ;       ; 4.428 ; 5.027 ;       ;
; SW[7]      ; LED[7]      ; 3.562 ;       ;       ; 4.104 ;
; SW[7]      ; LED[8]      ; 5.257 ;       ;       ; 5.910 ;
; SW[7]      ; LED[9]      ; 5.469 ; 5.573 ; 6.067 ; 6.162 ;
; SW[8]      ; HEX0[0]     ; 5.767 ; 5.829 ; 6.407 ; 6.469 ;
; SW[8]      ; HEX0[1]     ; 5.801 ; 5.834 ; 6.441 ; 6.474 ;
; SW[8]      ; HEX0[2]     ; 5.569 ; 5.558 ; 6.209 ; 6.198 ;
; SW[8]      ; HEX0[3]     ; 5.474 ; 5.449 ; 6.114 ; 6.089 ;
; SW[8]      ; HEX0[4]     ; 5.406 ; 5.471 ; 6.046 ; 6.111 ;
; SW[8]      ; HEX0[5]     ; 5.572 ; 5.559 ; 6.212 ; 6.199 ;
; SW[8]      ; HEX0[6]     ; 5.537 ; 5.532 ; 6.177 ; 6.172 ;
; SW[8]      ; LED[8]      ; 5.872 ; 5.914 ; 6.512 ; 6.584 ;
; SW[8]      ; LED[9]      ; 6.084 ; 6.188 ; 6.741 ; 6.836 ;
+------------+-------------+-------+-------+-------+-------+


+----------------------------------------------------------+
; Minimum Propagation Delay                                ;
+------------+-------------+-------+-------+-------+-------+
; Input Port ; Output Port ; RR    ; RF    ; FR    ; FF    ;
+------------+-------------+-------+-------+-------+-------+
; SW[0]      ; HEX0[0]     ; 4.881 ; 4.916 ; 5.555 ; 5.590 ;
; SW[0]      ; HEX0[1]     ; 4.870 ; 4.905 ; 5.544 ; 5.579 ;
; SW[0]      ; HEX0[2]     ; 4.683 ; 4.652 ; 5.357 ; 5.326 ;
; SW[0]      ; HEX0[3]     ; 4.650 ; 4.640 ; 5.324 ; 5.314 ;
; SW[0]      ; HEX0[4]     ; 4.636 ; 4.683 ; 5.310 ; 5.357 ;
; SW[0]      ; HEX0[5]     ; 4.643 ; 4.690 ; 5.317 ; 5.364 ;
; SW[0]      ; HEX0[6]     ; 4.634 ; 4.683 ; 5.308 ; 5.357 ;
; SW[0]      ; HEX2[0]     ; 4.136 ; 4.190 ; 4.839 ; 4.822 ;
; SW[0]      ; HEX2[1]     ; 4.090 ; 4.089 ; 4.750 ; 4.778 ;
; SW[0]      ; HEX2[2]     ;       ; 4.162 ; 4.808 ;       ;
; SW[0]      ; HEX2[3]     ; 4.066 ; 4.046 ; 4.707 ; 4.724 ;
; SW[0]      ; HEX2[4]     ; 4.068 ;       ;       ; 4.754 ;
; SW[0]      ; HEX2[5]     ; 4.073 ;       ;       ; 4.758 ;
; SW[0]      ; HEX2[6]     ; 4.299 ;       ;       ; 5.007 ;
; SW[0]      ; LED[0]      ; 3.407 ;       ;       ; 3.939 ;
; SW[0]      ; LED[8]      ; 5.490 ; 5.621 ; 6.164 ; 6.278 ;
; SW[0]      ; LED[9]      ; 5.155 ; 5.256 ; 5.792 ; 5.893 ;
; SW[1]      ; HEX0[0]     ; 4.935 ; 4.977 ; 5.564 ; 5.606 ;
; SW[1]      ; HEX0[1]     ; 4.932 ; 4.976 ; 5.561 ; 5.605 ;
; SW[1]      ; HEX0[2]     ; 4.716 ; 4.806 ; 5.345 ; 5.435 ;
; SW[1]      ; HEX0[3]     ; 4.710 ; 4.694 ; 5.339 ; 5.323 ;
; SW[1]      ; HEX0[4]     ; 4.785 ; 4.728 ; 5.414 ; 5.357 ;
; SW[1]      ; HEX0[5]     ; 4.696 ; 4.713 ; 5.325 ; 5.342 ;
; SW[1]      ; HEX0[6]     ; 4.686 ; 4.704 ; 5.315 ; 5.333 ;
; SW[1]      ; HEX2[0]     ; 3.987 ; 3.999 ; 4.619 ; 4.624 ;
; SW[1]      ; HEX2[1]     ; 3.906 ; 3.917 ; 4.535 ; 4.539 ;
; SW[1]      ; HEX2[2]     ; 3.977 ;       ;       ; 4.624 ;
; SW[1]      ; HEX2[3]     ; 4.028 ; 4.007 ; 4.642 ; 4.665 ;
; SW[1]      ; HEX2[4]     ;       ; 4.047 ; 4.670 ;       ;
; SW[1]      ; HEX2[5]     ; 3.924 ; 3.933 ; 4.553 ; 4.555 ;
; SW[1]      ; HEX2[6]     ; 4.145 ; 4.173 ; 4.776 ; 4.797 ;
; SW[1]      ; LED[1]      ; 3.588 ;       ;       ; 4.139 ;
; SW[1]      ; LED[8]      ; 5.377 ; 5.512 ; 6.006 ; 6.134 ;
; SW[1]      ; LED[9]      ; 4.951 ; 5.052 ; 5.577 ; 5.678 ;
; SW[2]      ; HEX0[0]     ; 5.061 ; 5.092 ; 5.707 ; 5.738 ;
; SW[2]      ; HEX0[1]     ; 5.051 ; 5.081 ; 5.697 ; 5.727 ;
; SW[2]      ; HEX0[2]     ; 4.821 ; 4.828 ; 5.467 ; 5.474 ;
; SW[2]      ; HEX0[3]     ; 4.799 ; 4.794 ; 5.445 ; 5.440 ;
; SW[2]      ; HEX0[4]     ; 4.793 ; 4.866 ; 5.439 ; 5.512 ;
; SW[2]      ; HEX0[5]     ; 4.825 ; 4.831 ; 5.471 ; 5.477 ;
; SW[2]      ; HEX0[6]     ; 4.833 ; 4.821 ; 5.479 ; 5.467 ;
; SW[2]      ; HEX2[0]     ; 4.102 ; 4.160 ; 4.797 ; 4.767 ;
; SW[2]      ; HEX2[1]     ; 4.030 ; 4.043 ; 4.672 ; 4.674 ;
; SW[2]      ; HEX2[2]     ; 4.102 ; 4.125 ; 4.739 ; 4.751 ;
; SW[2]      ; HEX2[3]     ; 3.915 ; 3.905 ; 4.539 ; 4.536 ;
; SW[2]      ; HEX2[4]     ; 3.932 ;       ;       ; 4.566 ;
; SW[2]      ; HEX2[5]     ; 4.043 ; 4.059 ; 4.689 ; 4.688 ;
; SW[2]      ; HEX2[6]     ; 4.264 ; 4.329 ; 4.936 ; 4.943 ;
; SW[2]      ; LED[2]      ; 4.212 ;       ;       ; 4.888 ;
; SW[2]      ; LED[8]      ; 5.393 ; 5.526 ; 6.039 ; 6.155 ;
; SW[2]      ; LED[9]      ; 4.990 ; 5.080 ; 5.637 ; 5.727 ;
; SW[3]      ; HEX0[0]     ; 5.077 ; 5.108 ; 5.714 ; 5.745 ;
; SW[3]      ; HEX0[1]     ; 5.067 ; 5.097 ; 5.704 ; 5.734 ;
; SW[3]      ; HEX0[2]     ; 4.837 ; 4.844 ; 5.474 ; 5.481 ;
; SW[3]      ; HEX0[5]     ; 4.841 ; 4.847 ; 5.478 ; 5.484 ;
; SW[3]      ; HEX0[6]     ; 4.868 ; 4.837 ; 5.505 ; 5.474 ;
; SW[3]      ; HEX2[0]     ; 4.173 ; 4.180 ; 4.811 ; 4.837 ;
; SW[3]      ; HEX2[1]     ; 4.098 ; 4.104 ; 4.737 ; 4.763 ;
; SW[3]      ; HEX2[2]     ; 4.170 ; 4.188 ; 4.807 ; 4.844 ;
; SW[3]      ; HEX2[5]     ; 4.110 ; 4.115 ; 4.749 ; 4.773 ;
; SW[3]      ; HEX2[6]     ;       ; 4.360 ; 4.975 ;       ;
; SW[3]      ; LED[3]      ; 3.432 ;       ;       ; 3.992 ;
; SW[3]      ; LED[8]      ; 5.505 ; 5.635 ; 6.142 ; 6.292 ;
; SW[3]      ; LED[9]      ; 5.681 ; 5.770 ; 6.318 ; 6.407 ;
; SW[4]      ; HEX0[0]     ; 4.452 ; 4.487 ; 5.080 ; 5.115 ;
; SW[4]      ; HEX0[1]     ; 4.441 ; 4.476 ; 5.069 ; 5.104 ;
; SW[4]      ; HEX0[2]     ; 4.256 ; 4.223 ; 4.868 ; 4.851 ;
; SW[4]      ; HEX0[3]     ; 4.221 ; 4.211 ; 4.849 ; 4.839 ;
; SW[4]      ; HEX0[4]     ; 4.207 ; 4.256 ; 4.835 ; 4.868 ;
; SW[4]      ; HEX0[5]     ; 4.214 ; 4.263 ; 4.842 ; 4.875 ;
; SW[4]      ; HEX0[6]     ; 4.205 ; 4.256 ; 4.833 ; 4.868 ;
; SW[4]      ; HEX3[0]     ; 4.010 ; 4.034 ; 4.624 ; 4.641 ;
; SW[4]      ; HEX3[1]     ; 4.198 ; 4.237 ; 4.813 ; 4.845 ;
; SW[4]      ; HEX3[2]     ;       ; 4.067 ; 4.653 ;       ;
; SW[4]      ; HEX3[3]     ; 4.069 ; 4.039 ; 4.677 ; 4.654 ;
; SW[4]      ; HEX3[4]     ; 4.109 ;       ;       ; 4.761 ;
; SW[4]      ; HEX3[5]     ; 4.108 ;       ;       ; 4.757 ;
; SW[4]      ; HEX3[6]     ; 4.093 ;       ;       ; 4.740 ;
; SW[4]      ; LED[4]      ; 3.418 ;       ;       ; 3.946 ;
; SW[4]      ; LED[8]      ; 5.061 ;       ;       ; 5.768 ;
; SW[4]      ; LED[9]      ; 5.044 ; 5.145 ; 5.660 ; 5.761 ;
; SW[5]      ; HEX0[0]     ; 4.674 ; 4.716 ; 5.341 ; 5.383 ;
; SW[5]      ; HEX0[1]     ; 4.671 ; 4.715 ; 5.338 ; 5.382 ;
; SW[5]      ; HEX0[2]     ; 4.455 ; 4.545 ; 5.122 ; 5.193 ;
; SW[5]      ; HEX0[3]     ; 4.449 ; 4.433 ; 5.116 ; 5.100 ;
; SW[5]      ; HEX0[4]     ; 4.524 ; 4.467 ; 5.172 ; 5.134 ;
; SW[5]      ; HEX0[5]     ; 4.435 ; 4.452 ; 5.102 ; 5.119 ;
; SW[5]      ; HEX0[6]     ; 4.425 ; 4.443 ; 5.092 ; 5.110 ;
; SW[5]      ; HEX3[0]     ; 4.228 ; 4.259 ; 4.893 ; 4.921 ;
; SW[5]      ; HEX3[1]     ; 4.415 ; 4.460 ; 5.084 ; 5.125 ;
; SW[5]      ; HEX3[2]     ; 4.271 ;       ;       ; 4.968 ;
; SW[5]      ; HEX3[3]     ; 4.288 ; 4.252 ; 4.939 ; 4.920 ;
; SW[5]      ; HEX3[4]     ;       ; 4.401 ; 5.020 ;       ;
; SW[5]      ; HEX3[5]     ; 4.339 ; 4.388 ; 5.013 ; 5.026 ;
; SW[5]      ; HEX3[6]     ; 4.305 ; 4.355 ; 4.969 ; 5.001 ;
; SW[5]      ; LED[5]      ; 3.412 ;       ;       ; 3.945 ;
; SW[5]      ; LED[8]      ; 5.116 ;       ;       ; 5.860 ;
; SW[5]      ; LED[9]      ; 5.053 ; 5.154 ; 5.762 ; 5.820 ;
; SW[6]      ; HEX0[0]     ; 4.824 ; 4.855 ; 5.503 ; 5.545 ;
; SW[6]      ; HEX0[1]     ; 4.814 ; 4.844 ; 5.500 ; 5.538 ;
; SW[6]      ; HEX0[2]     ; 4.584 ; 4.591 ; 5.278 ; 5.285 ;
; SW[6]      ; HEX0[3]     ; 4.562 ; 4.557 ; 5.222 ; 5.217 ;
; SW[6]      ; HEX0[4]     ; 4.556 ; 4.631 ; 5.216 ; 5.275 ;
; SW[6]      ; HEX0[5]     ; 4.588 ; 4.594 ; 5.268 ; 5.286 ;
; SW[6]      ; HEX0[6]     ; 4.596 ; 4.584 ; 5.256 ; 5.276 ;
; SW[6]      ; HEX3[0]     ; 4.234 ; 4.254 ; 4.876 ; 4.915 ;
; SW[6]      ; HEX3[1]     ; 4.423 ; 4.457 ; 5.069 ; 5.123 ;
; SW[6]      ; HEX3[2]     ; 4.254 ; 4.278 ; 4.899 ; 4.942 ;
; SW[6]      ; HEX3[3]     ; 4.285 ; 4.260 ; 4.949 ; 4.904 ;
; SW[6]      ; HEX3[4]     ; 4.340 ;       ;       ; 5.041 ;
; SW[6]      ; HEX3[5]     ; 4.339 ; 4.374 ; 4.982 ; 5.037 ;
; SW[6]      ; HEX3[6]     ; 4.308 ; 4.346 ; 4.949 ; 5.007 ;
; SW[6]      ; LED[6]      ; 3.431 ;       ;       ; 3.969 ;
; SW[6]      ; LED[8]      ; 5.156 ;       ;       ; 5.895 ;
; SW[6]      ; LED[9]      ; 4.804 ; 4.889 ; 5.449 ; 5.554 ;
; SW[7]      ; HEX0[0]     ; 4.552 ; 4.583 ; 5.196 ; 5.227 ;
; SW[7]      ; HEX0[1]     ; 4.542 ; 4.572 ; 5.186 ; 5.216 ;
; SW[7]      ; HEX0[2]     ; 4.312 ; 4.319 ; 4.956 ; 4.963 ;
; SW[7]      ; HEX0[5]     ; 4.316 ; 4.322 ; 4.960 ; 4.966 ;
; SW[7]      ; HEX0[6]     ; 4.343 ; 4.312 ; 4.969 ; 4.956 ;
; SW[7]      ; HEX3[0]     ; 4.157 ; 4.188 ; 4.800 ; 4.831 ;
; SW[7]      ; HEX3[1]     ; 4.344 ; 4.391 ; 4.990 ; 5.037 ;
; SW[7]      ; HEX3[2]     ; 4.203 ; 4.258 ; 4.877 ; 4.883 ;
; SW[7]      ; HEX3[5]     ; 4.266 ; 4.316 ; 4.927 ; 4.933 ;
; SW[7]      ; HEX3[6]     ;       ; 4.313 ; 4.906 ;       ;
; SW[7]      ; LED[7]      ; 3.490 ;       ;       ; 4.027 ;
; SW[7]      ; LED[8]      ; 4.980 ;       ;       ; 5.703 ;
; SW[7]      ; LED[9]      ; 5.156 ; 5.245 ; 5.824 ; 5.903 ;
; SW[8]      ; HEX0[0]     ; 4.716 ; 4.751 ; 5.342 ; 5.377 ;
; SW[8]      ; HEX0[1]     ; 4.705 ; 4.740 ; 5.331 ; 5.366 ;
; SW[8]      ; HEX0[2]     ; 4.512 ; 4.487 ; 5.153 ; 5.113 ;
; SW[8]      ; HEX0[3]     ; 4.485 ; 4.475 ; 5.111 ; 5.101 ;
; SW[8]      ; HEX0[4]     ; 4.471 ; 4.512 ; 5.097 ; 5.153 ;
; SW[8]      ; HEX0[5]     ; 4.478 ; 4.519 ; 5.104 ; 5.160 ;
; SW[8]      ; HEX0[6]     ; 4.469 ; 4.512 ; 5.095 ; 5.153 ;
; SW[8]      ; LED[8]      ; 5.180 ; 5.506 ; 6.002 ; 5.911 ;
; SW[8]      ; LED[9]      ; 4.989 ; 5.079 ; 5.607 ; 5.697 ;
+------------+-------------+-------+-------+-------+-------+


---------------------------------------------
; Fast 1200mV 0C Model Metastability Report ;
---------------------------------------------
No synchronizer chains to report.


+----------------------------------------------------------------------------+
; Multicorner Timing Analysis Summary                                        ;
+------------------+-------+------+----------+---------+---------------------+
; Clock            ; Setup ; Hold ; Recovery ; Removal ; Minimum Pulse Width ;
+------------------+-------+------+----------+---------+---------------------+
; Worst-case Slack ; N/A   ; N/A  ; N/A      ; N/A     ; N/A                 ;
; Design-wide TNS  ; 0.0   ; 0.0  ; 0.0      ; 0.0     ; 0.0                 ;
+------------------+-------+------+----------+---------+---------------------+


+--------------------------------------------------------------+
; Progagation Delay                                            ;
+------------+-------------+--------+--------+--------+--------+
; Input Port ; Output Port ; RR     ; RF     ; FR     ; FF     ;
+------------+-------------+--------+--------+--------+--------+
; SW[0]      ; HEX0[0]     ; 9.926  ; 9.900  ; 10.424 ; 10.398 ;
; SW[0]      ; HEX0[1]     ; 9.966  ; 9.893  ; 10.464 ; 10.391 ;
; SW[0]      ; HEX0[2]     ; 9.553  ; 9.452  ; 10.051 ; 9.950  ;
; SW[0]      ; HEX0[3]     ; 9.306  ; 9.351  ; 9.804  ; 9.849  ;
; SW[0]      ; HEX0[4]     ; 9.343  ; 9.308  ; 9.841  ; 9.806  ;
; SW[0]      ; HEX0[5]     ; 9.571  ; 9.463  ; 10.069 ; 9.961  ;
; SW[0]      ; HEX0[6]     ; 9.520  ; 9.419  ; 10.018 ; 9.917  ;
; SW[0]      ; HEX2[0]     ; 7.367  ; 7.317  ; 7.882  ; 7.788  ;
; SW[0]      ; HEX2[1]     ; 7.188  ; 7.104  ; 7.674  ; 7.651  ;
; SW[0]      ; HEX2[2]     ;        ; 7.247  ; 7.786  ;        ;
; SW[0]      ; HEX2[3]     ; 7.129  ; 7.137  ; 7.545  ; 7.679  ;
; SW[0]      ; HEX2[4]     ; 7.209  ;        ;        ; 7.658  ;
; SW[0]      ; HEX2[5]     ; 7.210  ;        ;        ; 7.638  ;
; SW[0]      ; HEX2[6]     ; 7.650  ;        ;        ; 8.052  ;
; SW[0]      ; LED[0]      ; 5.727  ;        ;        ; 6.135  ;
; SW[0]      ; LED[8]      ; 9.762  ; 9.970  ; 10.263 ; 10.468 ;
; SW[0]      ; LED[9]      ; 10.399 ; 10.448 ; 10.897 ; 10.946 ;
; SW[1]      ; HEX0[0]     ; 9.688  ; 9.618  ; 10.177 ; 10.107 ;
; SW[1]      ; HEX0[1]     ; 9.684  ; 9.611  ; 10.173 ; 10.100 ;
; SW[1]      ; HEX0[2]     ; 9.271  ; 9.194  ; 9.760  ; 9.683  ;
; SW[1]      ; HEX0[3]     ; 9.024  ; 9.076  ; 9.513  ; 9.565  ;
; SW[1]      ; HEX0[4]     ; 9.085  ; 9.026  ; 9.574  ; 9.515  ;
; SW[1]      ; HEX0[5]     ; 9.289  ; 9.209  ; 9.778  ; 9.698  ;
; SW[1]      ; HEX0[6]     ; 9.238  ; 9.175  ; 9.727  ; 9.664  ;
; SW[1]      ; HEX2[0]     ; 6.995  ; 6.913  ; 7.482  ; 7.391  ;
; SW[1]      ; HEX2[1]     ; 6.829  ; 6.754  ; 7.316  ; 7.232  ;
; SW[1]      ; HEX2[2]     ; 6.938  ;        ;        ; 7.358  ;
; SW[1]      ; HEX2[3]     ; 6.991  ; 7.073  ; 7.519  ; 7.556  ;
; SW[1]      ; HEX2[4]     ;        ; 6.994  ; 7.538  ;        ;
; SW[1]      ; HEX2[5]     ; 6.841  ; 6.765  ; 7.324  ; 7.239  ;
; SW[1]      ; HEX2[6]     ; 7.282  ; 7.199  ; 7.769  ; 7.677  ;
; SW[1]      ; LED[1]      ; 6.035  ;        ;        ; 6.471  ;
; SW[1]      ; LED[8]      ; 9.599  ; 9.532  ; 10.088 ; 10.012 ;
; SW[1]      ; LED[9]      ; 10.089 ; 10.141 ; 10.578 ; 10.630 ;
; SW[2]      ; HEX0[0]     ; 9.512  ; 9.457  ; 10.006 ; 9.951  ;
; SW[2]      ; HEX0[1]     ; 9.489  ; 9.429  ; 9.983  ; 9.923  ;
; SW[2]      ; HEX0[2]     ; 9.058  ; 9.013  ; 9.552  ; 9.507  ;
; SW[2]      ; HEX0[3]     ; 8.684  ; 8.759  ; 9.178  ; 9.253  ;
; SW[2]      ; HEX0[4]     ; 8.768  ; 8.666  ; 9.262  ; 9.174  ;
; SW[2]      ; HEX0[5]     ; 9.079  ; 9.027  ; 9.573  ; 9.521  ;
; SW[2]      ; HEX0[6]     ; 9.053  ; 8.977  ; 9.547  ; 9.471  ;
; SW[2]      ; HEX2[0]     ; 7.273  ; 7.226  ; 7.801  ; 7.697  ;
; SW[2]      ; HEX2[1]     ; 7.098  ; 7.021  ; 7.589  ; 7.560  ;
; SW[2]      ; HEX2[2]     ; 7.168  ; 7.125  ; 7.661  ; 7.594  ;
; SW[2]      ; HEX2[3]     ; 6.763  ; 6.843  ; 7.239  ; 7.328  ;
; SW[2]      ; HEX2[4]     ; 6.860  ;        ;        ; 7.267  ;
; SW[2]      ; HEX2[5]     ; 7.071  ; 7.079  ; 7.648  ; 7.506  ;
; SW[2]      ; HEX2[6]     ; 7.499  ; 7.513  ; 8.088  ; 7.945  ;
; SW[2]      ; LED[2]      ; 6.919  ;        ;        ; 7.432  ;
; SW[2]      ; LED[8]      ; 9.557  ; 9.770  ; 10.065 ; 10.264 ;
; SW[2]      ; LED[9]      ; 10.199 ; 10.248 ; 10.693 ; 10.742 ;
; SW[3]      ; HEX0[0]     ; 9.164  ; 9.110  ; 9.666  ; 9.612  ;
; SW[3]      ; HEX0[1]     ; 9.139  ; 9.082  ; 9.641  ; 9.584  ;
; SW[3]      ; HEX0[2]     ; 8.709  ; 8.666  ; 9.211  ; 9.168  ;
; SW[3]      ; HEX0[5]     ; 8.729  ; 8.680  ; 9.231  ; 9.182  ;
; SW[3]      ; HEX0[6]     ; 8.706  ; 8.607  ; 9.208  ; 9.089  ;
; SW[3]      ; HEX2[0]     ; 7.320  ; 7.235  ; 7.794  ; 7.742  ;
; SW[3]      ; HEX2[1]     ; 7.155  ; 7.080  ; 7.629  ; 7.584  ;
; SW[3]      ; HEX2[2]     ; 7.268  ; 7.211  ; 7.737  ; 7.711  ;
; SW[3]      ; HEX2[5]     ; 7.168  ; 7.090  ; 7.634  ; 7.589  ;
; SW[3]      ; HEX2[6]     ;        ; 7.530  ; 8.082  ;        ;
; SW[3]      ; LED[3]      ; 5.791  ;        ;        ; 6.206  ;
; SW[3]      ; LED[8]      ; 9.822  ; 9.754  ; 10.292 ; 10.256 ;
; SW[3]      ; LED[9]      ; 10.312 ; 10.364 ; 10.782 ; 10.834 ;
; SW[4]      ; HEX0[0]     ; 8.959  ; 8.889  ; 9.441  ; 9.415  ;
; SW[4]      ; HEX0[1]     ; 8.955  ; 8.882  ; 9.481  ; 9.408  ;
; SW[4]      ; HEX0[2]     ; 8.542  ; 8.465  ; 9.068  ; 8.967  ;
; SW[4]      ; HEX0[3]     ; 8.295  ; 8.347  ; 8.821  ; 8.866  ;
; SW[4]      ; HEX0[4]     ; 8.356  ; 8.297  ; 8.858  ; 8.823  ;
; SW[4]      ; HEX0[5]     ; 8.560  ; 8.480  ; 9.086  ; 8.978  ;
; SW[4]      ; HEX0[6]     ; 8.509  ; 8.446  ; 9.035  ; 8.934  ;
; SW[4]      ; HEX3[0]     ; 7.039  ; 6.947  ; 7.481  ; 7.380  ;
; SW[4]      ; HEX3[1]     ; 7.408  ; 7.311  ; 7.864  ; 7.758  ;
; SW[4]      ; HEX3[2]     ;        ; 6.993  ; 7.533  ;        ;
; SW[4]      ; HEX3[3]     ; 7.000  ; 7.083  ; 7.439  ; 7.531  ;
; SW[4]      ; HEX3[4]     ; 7.243  ;        ;        ; 7.592  ;
; SW[4]      ; HEX3[5]     ; 7.238  ;        ;        ; 7.580  ;
; SW[4]      ; HEX3[6]     ; 7.232  ;        ;        ; 7.600  ;
; SW[4]      ; LED[4]      ; 5.735  ;        ;        ; 6.138  ;
; SW[4]      ; LED[8]      ; 8.870  ;        ;        ; 9.485  ;
; SW[4]      ; LED[9]      ; 9.360  ; 9.412  ; 9.914  ; 9.963  ;
; SW[5]      ; HEX0[0]     ; 9.224  ; 9.154  ; 9.480  ; 9.454  ;
; SW[5]      ; HEX0[1]     ; 9.220  ; 9.147  ; 9.520  ; 9.447  ;
; SW[5]      ; HEX0[2]     ; 8.807  ; 8.730  ; 9.107  ; 9.006  ;
; SW[5]      ; HEX0[3]     ; 8.560  ; 8.612  ; 8.860  ; 8.905  ;
; SW[5]      ; HEX0[4]     ; 8.621  ; 8.562  ; 8.875  ; 8.862  ;
; SW[5]      ; HEX0[5]     ; 8.825  ; 8.745  ; 9.125  ; 9.017  ;
; SW[5]      ; HEX0[6]     ; 8.774  ; 8.711  ; 9.074  ; 8.973  ;
; SW[5]      ; HEX3[0]     ; 7.467  ; 7.465  ; 8.007  ; 7.876  ;
; SW[5]      ; HEX3[1]     ; 7.898  ; 7.769  ; 8.328  ; 8.307  ;
; SW[5]      ; HEX3[2]     ; 7.577  ;        ;        ; 7.964  ;
; SW[5]      ; HEX3[3]     ; 7.474  ; 7.560  ; 7.970  ; 8.020  ;
; SW[5]      ; HEX3[4]     ;        ; 7.682  ; 8.214  ;        ;
; SW[5]      ; HEX3[5]     ; 7.741  ; 7.623  ; 8.178  ; 8.118  ;
; SW[5]      ; HEX3[6]     ; 7.675  ; 7.680  ; 8.191  ; 8.091  ;
; SW[5]      ; LED[5]      ; 5.731  ;        ;        ; 6.119  ;
; SW[5]      ; LED[8]      ; 9.135  ;        ;        ; 9.524  ;
; SW[5]      ; LED[9]      ; 9.625  ; 9.677  ; 9.953  ; 10.002 ;
; SW[6]      ; HEX0[0]     ; 8.693  ; 8.667  ; 9.385  ; 9.330  ;
; SW[6]      ; HEX0[1]     ; 8.733  ; 8.660  ; 9.362  ; 9.302  ;
; SW[6]      ; HEX0[2]     ; 8.320  ; 8.219  ; 8.931  ; 8.886  ;
; SW[6]      ; HEX0[3]     ; 8.073  ; 8.118  ; 8.557  ; 8.632  ;
; SW[6]      ; HEX0[4]     ; 8.040  ; 8.075  ; 8.641  ; 8.524  ;
; SW[6]      ; HEX0[5]     ; 8.338  ; 8.230  ; 8.952  ; 8.900  ;
; SW[6]      ; HEX0[6]     ; 8.287  ; 8.186  ; 8.926  ; 8.850  ;
; SW[6]      ; HEX3[0]     ; 7.365  ; 7.271  ; 7.875  ; 7.814  ;
; SW[6]      ; HEX3[1]     ; 7.745  ; 7.646  ; 8.254  ; 8.187  ;
; SW[6]      ; HEX3[2]     ; 7.404  ; 7.310  ; 7.918  ; 7.858  ;
; SW[6]      ; HEX3[3]     ; 7.321  ; 7.404  ; 7.867  ; 7.920  ;
; SW[6]      ; HEX3[4]     ; 7.578  ;        ;        ; 8.025  ;
; SW[6]      ; HEX3[5]     ; 7.572  ; 7.476  ; 8.079  ; 8.015  ;
; SW[6]      ; HEX3[6]     ; 7.551  ; 7.484  ; 8.066  ; 8.029  ;
; SW[6]      ; LED[6]      ; 5.778  ;        ;        ; 6.167  ;
; SW[6]      ; LED[8]      ; 8.965  ;        ;        ; 9.643  ;
; SW[6]      ; LED[9]      ; 9.455  ; 9.507  ; 10.072 ; 10.121 ;
; SW[7]      ; HEX0[0]     ; 8.168  ; 8.108  ; 8.640  ; 8.586  ;
; SW[7]      ; HEX0[1]     ; 8.145  ; 8.080  ; 8.615  ; 8.558  ;
; SW[7]      ; HEX0[2]     ; 7.714  ; 7.664  ; 8.185  ; 8.142  ;
; SW[7]      ; HEX0[5]     ; 7.735  ; 7.678  ; 8.205  ; 8.156  ;
; SW[7]      ; HEX0[6]     ; 7.704  ; 7.633  ; 8.182  ; 8.072  ;
; SW[7]      ; HEX3[0]     ; 7.300  ; 7.235  ; 7.775  ; 7.698  ;
; SW[7]      ; HEX3[1]     ; 7.729  ; 7.671  ; 8.213  ; 8.130  ;
; SW[7]      ; HEX3[2]     ; 7.380  ; 7.350  ; 7.898  ; 7.780  ;
; SW[7]      ; HEX3[5]     ; 7.543  ; 7.508  ; 8.055  ; 7.932  ;
; SW[7]      ; HEX3[6]     ;        ; 7.509  ; 8.015  ;        ;
; SW[7]      ; LED[7]      ; 5.908  ;        ;        ; 6.278  ;
; SW[7]      ; LED[8]      ; 8.852  ;        ;        ; 9.234  ;
; SW[7]      ; LED[9]      ; 9.342  ; 9.394  ; 9.663  ; 9.712  ;
; SW[8]      ; HEX0[0]     ; 10.005 ; 9.935  ; 10.486 ; 10.416 ;
; SW[8]      ; HEX0[1]     ; 10.001 ; 9.928  ; 10.482 ; 10.409 ;
; SW[8]      ; HEX0[2]     ; 9.588  ; 9.511  ; 10.069 ; 9.992  ;
; SW[8]      ; HEX0[3]     ; 9.341  ; 9.393  ; 9.822  ; 9.874  ;
; SW[8]      ; HEX0[4]     ; 9.402  ; 9.343  ; 9.883  ; 9.824  ;
; SW[8]      ; HEX0[5]     ; 9.606  ; 9.526  ; 10.087 ; 10.007 ;
; SW[8]      ; HEX0[6]     ; 9.555  ; 9.492  ; 10.036 ; 9.973  ;
; SW[8]      ; LED[8]      ; 9.916  ; 9.836  ; 10.397 ; 10.373 ;
; SW[8]      ; LED[9]      ; 10.406 ; 10.458 ; 10.887 ; 10.939 ;
+------------+-------------+--------+--------+--------+--------+


+----------------------------------------------------------+
; Minimum Progagation Delay                                ;
+------------+-------------+-------+-------+-------+-------+
; Input Port ; Output Port ; RR    ; RF    ; FR    ; FF    ;
+------------+-------------+-------+-------+-------+-------+
; SW[0]      ; HEX0[0]     ; 4.881 ; 4.916 ; 5.555 ; 5.590 ;
; SW[0]      ; HEX0[1]     ; 4.870 ; 4.905 ; 5.544 ; 5.579 ;
; SW[0]      ; HEX0[2]     ; 4.683 ; 4.652 ; 5.357 ; 5.326 ;
; SW[0]      ; HEX0[3]     ; 4.650 ; 4.640 ; 5.324 ; 5.314 ;
; SW[0]      ; HEX0[4]     ; 4.636 ; 4.683 ; 5.310 ; 5.357 ;
; SW[0]      ; HEX0[5]     ; 4.643 ; 4.690 ; 5.317 ; 5.364 ;
; SW[0]      ; HEX0[6]     ; 4.634 ; 4.683 ; 5.308 ; 5.357 ;
; SW[0]      ; HEX2[0]     ; 4.136 ; 4.190 ; 4.839 ; 4.822 ;
; SW[0]      ; HEX2[1]     ; 4.090 ; 4.089 ; 4.750 ; 4.778 ;
; SW[0]      ; HEX2[2]     ;       ; 4.162 ; 4.808 ;       ;
; SW[0]      ; HEX2[3]     ; 4.066 ; 4.046 ; 4.707 ; 4.724 ;
; SW[0]      ; HEX2[4]     ; 4.068 ;       ;       ; 4.754 ;
; SW[0]      ; HEX2[5]     ; 4.073 ;       ;       ; 4.758 ;
; SW[0]      ; HEX2[6]     ; 4.299 ;       ;       ; 5.007 ;
; SW[0]      ; LED[0]      ; 3.407 ;       ;       ; 3.939 ;
; SW[0]      ; LED[8]      ; 5.490 ; 5.621 ; 6.164 ; 6.278 ;
; SW[0]      ; LED[9]      ; 5.155 ; 5.256 ; 5.792 ; 5.893 ;
; SW[1]      ; HEX0[0]     ; 4.935 ; 4.977 ; 5.564 ; 5.606 ;
; SW[1]      ; HEX0[1]     ; 4.932 ; 4.976 ; 5.561 ; 5.605 ;
; SW[1]      ; HEX0[2]     ; 4.716 ; 4.806 ; 5.345 ; 5.435 ;
; SW[1]      ; HEX0[3]     ; 4.710 ; 4.694 ; 5.339 ; 5.323 ;
; SW[1]      ; HEX0[4]     ; 4.785 ; 4.728 ; 5.414 ; 5.357 ;
; SW[1]      ; HEX0[5]     ; 4.696 ; 4.713 ; 5.325 ; 5.342 ;
; SW[1]      ; HEX0[6]     ; 4.686 ; 4.704 ; 5.315 ; 5.333 ;
; SW[1]      ; HEX2[0]     ; 3.987 ; 3.999 ; 4.619 ; 4.624 ;
; SW[1]      ; HEX2[1]     ; 3.906 ; 3.917 ; 4.535 ; 4.539 ;
; SW[1]      ; HEX2[2]     ; 3.977 ;       ;       ; 4.624 ;
; SW[1]      ; HEX2[3]     ; 4.028 ; 4.007 ; 4.642 ; 4.665 ;
; SW[1]      ; HEX2[4]     ;       ; 4.047 ; 4.670 ;       ;
; SW[1]      ; HEX2[5]     ; 3.924 ; 3.933 ; 4.553 ; 4.555 ;
; SW[1]      ; HEX2[6]     ; 4.145 ; 4.173 ; 4.776 ; 4.797 ;
; SW[1]      ; LED[1]      ; 3.588 ;       ;       ; 4.139 ;
; SW[1]      ; LED[8]      ; 5.377 ; 5.512 ; 6.006 ; 6.134 ;
; SW[1]      ; LED[9]      ; 4.951 ; 5.052 ; 5.577 ; 5.678 ;
; SW[2]      ; HEX0[0]     ; 5.061 ; 5.092 ; 5.707 ; 5.738 ;
; SW[2]      ; HEX0[1]     ; 5.051 ; 5.081 ; 5.697 ; 5.727 ;
; SW[2]      ; HEX0[2]     ; 4.821 ; 4.828 ; 5.467 ; 5.474 ;
; SW[2]      ; HEX0[3]     ; 4.799 ; 4.794 ; 5.445 ; 5.440 ;
; SW[2]      ; HEX0[4]     ; 4.793 ; 4.866 ; 5.439 ; 5.512 ;
; SW[2]      ; HEX0[5]     ; 4.825 ; 4.831 ; 5.471 ; 5.477 ;
; SW[2]      ; HEX0[6]     ; 4.833 ; 4.821 ; 5.479 ; 5.467 ;
; SW[2]      ; HEX2[0]     ; 4.102 ; 4.160 ; 4.797 ; 4.767 ;
; SW[2]      ; HEX2[1]     ; 4.030 ; 4.043 ; 4.672 ; 4.674 ;
; SW[2]      ; HEX2[2]     ; 4.102 ; 4.125 ; 4.739 ; 4.751 ;
; SW[2]      ; HEX2[3]     ; 3.915 ; 3.905 ; 4.539 ; 4.536 ;
; SW[2]      ; HEX2[4]     ; 3.932 ;       ;       ; 4.566 ;
; SW[2]      ; HEX2[5]     ; 4.043 ; 4.059 ; 4.689 ; 4.688 ;
; SW[2]      ; HEX2[6]     ; 4.264 ; 4.329 ; 4.936 ; 4.943 ;
; SW[2]      ; LED[2]      ; 4.212 ;       ;       ; 4.888 ;
; SW[2]      ; LED[8]      ; 5.393 ; 5.526 ; 6.039 ; 6.155 ;
; SW[2]      ; LED[9]      ; 4.990 ; 5.080 ; 5.637 ; 5.727 ;
; SW[3]      ; HEX0[0]     ; 5.077 ; 5.108 ; 5.714 ; 5.745 ;
; SW[3]      ; HEX0[1]     ; 5.067 ; 5.097 ; 5.704 ; 5.734 ;
; SW[3]      ; HEX0[2]     ; 4.837 ; 4.844 ; 5.474 ; 5.481 ;
; SW[3]      ; HEX0[5]     ; 4.841 ; 4.847 ; 5.478 ; 5.484 ;
; SW[3]      ; HEX0[6]     ; 4.868 ; 4.837 ; 5.505 ; 5.474 ;
; SW[3]      ; HEX2[0]     ; 4.173 ; 4.180 ; 4.811 ; 4.837 ;
; SW[3]      ; HEX2[1]     ; 4.098 ; 4.104 ; 4.737 ; 4.763 ;
; SW[3]      ; HEX2[2]     ; 4.170 ; 4.188 ; 4.807 ; 4.844 ;
; SW[3]      ; HEX2[5]     ; 4.110 ; 4.115 ; 4.749 ; 4.773 ;
; SW[3]      ; HEX2[6]     ;       ; 4.360 ; 4.975 ;       ;
; SW[3]      ; LED[3]      ; 3.432 ;       ;       ; 3.992 ;
; SW[3]      ; LED[8]      ; 5.505 ; 5.635 ; 6.142 ; 6.292 ;
; SW[3]      ; LED[9]      ; 5.681 ; 5.770 ; 6.318 ; 6.407 ;
; SW[4]      ; HEX0[0]     ; 4.452 ; 4.487 ; 5.080 ; 5.115 ;
; SW[4]      ; HEX0[1]     ; 4.441 ; 4.476 ; 5.069 ; 5.104 ;
; SW[4]      ; HEX0[2]     ; 4.256 ; 4.223 ; 4.868 ; 4.851 ;
; SW[4]      ; HEX0[3]     ; 4.221 ; 4.211 ; 4.849 ; 4.839 ;
; SW[4]      ; HEX0[4]     ; 4.207 ; 4.256 ; 4.835 ; 4.868 ;
; SW[4]      ; HEX0[5]     ; 4.214 ; 4.263 ; 4.842 ; 4.875 ;
; SW[4]      ; HEX0[6]     ; 4.205 ; 4.256 ; 4.833 ; 4.868 ;
; SW[4]      ; HEX3[0]     ; 4.010 ; 4.034 ; 4.624 ; 4.641 ;
; SW[4]      ; HEX3[1]     ; 4.198 ; 4.237 ; 4.813 ; 4.845 ;
; SW[4]      ; HEX3[2]     ;       ; 4.067 ; 4.653 ;       ;
; SW[4]      ; HEX3[3]     ; 4.069 ; 4.039 ; 4.677 ; 4.654 ;
; SW[4]      ; HEX3[4]     ; 4.109 ;       ;       ; 4.761 ;
; SW[4]      ; HEX3[5]     ; 4.108 ;       ;       ; 4.757 ;
; SW[4]      ; HEX3[6]     ; 4.093 ;       ;       ; 4.740 ;
; SW[4]      ; LED[4]      ; 3.418 ;       ;       ; 3.946 ;
; SW[4]      ; LED[8]      ; 5.061 ;       ;       ; 5.768 ;
; SW[4]      ; LED[9]      ; 5.044 ; 5.145 ; 5.660 ; 5.761 ;
; SW[5]      ; HEX0[0]     ; 4.674 ; 4.716 ; 5.341 ; 5.383 ;
; SW[5]      ; HEX0[1]     ; 4.671 ; 4.715 ; 5.338 ; 5.382 ;
; SW[5]      ; HEX0[2]     ; 4.455 ; 4.545 ; 5.122 ; 5.193 ;
; SW[5]      ; HEX0[3]     ; 4.449 ; 4.433 ; 5.116 ; 5.100 ;
; SW[5]      ; HEX0[4]     ; 4.524 ; 4.467 ; 5.172 ; 5.134 ;
; SW[5]      ; HEX0[5]     ; 4.435 ; 4.452 ; 5.102 ; 5.119 ;
; SW[5]      ; HEX0[6]     ; 4.425 ; 4.443 ; 5.092 ; 5.110 ;
; SW[5]      ; HEX3[0]     ; 4.228 ; 4.259 ; 4.893 ; 4.921 ;
; SW[5]      ; HEX3[1]     ; 4.415 ; 4.460 ; 5.084 ; 5.125 ;
; SW[5]      ; HEX3[2]     ; 4.271 ;       ;       ; 4.968 ;
; SW[5]      ; HEX3[3]     ; 4.288 ; 4.252 ; 4.939 ; 4.920 ;
; SW[5]      ; HEX3[4]     ;       ; 4.401 ; 5.020 ;       ;
; SW[5]      ; HEX3[5]     ; 4.339 ; 4.388 ; 5.013 ; 5.026 ;
; SW[5]      ; HEX3[6]     ; 4.305 ; 4.355 ; 4.969 ; 5.001 ;
; SW[5]      ; LED[5]      ; 3.412 ;       ;       ; 3.945 ;
; SW[5]      ; LED[8]      ; 5.116 ;       ;       ; 5.860 ;
; SW[5]      ; LED[9]      ; 5.053 ; 5.154 ; 5.762 ; 5.820 ;
; SW[6]      ; HEX0[0]     ; 4.824 ; 4.855 ; 5.503 ; 5.545 ;
; SW[6]      ; HEX0[1]     ; 4.814 ; 4.844 ; 5.500 ; 5.538 ;
; SW[6]      ; HEX0[2]     ; 4.584 ; 4.591 ; 5.278 ; 5.285 ;
; SW[6]      ; HEX0[3]     ; 4.562 ; 4.557 ; 5.222 ; 5.217 ;
; SW[6]      ; HEX0[4]     ; 4.556 ; 4.631 ; 5.216 ; 5.275 ;
; SW[6]      ; HEX0[5]     ; 4.588 ; 4.594 ; 5.268 ; 5.286 ;
; SW[6]      ; HEX0[6]     ; 4.596 ; 4.584 ; 5.256 ; 5.276 ;
; SW[6]      ; HEX3[0]     ; 4.234 ; 4.254 ; 4.876 ; 4.915 ;
; SW[6]      ; HEX3[1]     ; 4.423 ; 4.457 ; 5.069 ; 5.123 ;
; SW[6]      ; HEX3[2]     ; 4.254 ; 4.278 ; 4.899 ; 4.942 ;
; SW[6]      ; HEX3[3]     ; 4.285 ; 4.260 ; 4.949 ; 4.904 ;
; SW[6]      ; HEX3[4]     ; 4.340 ;       ;       ; 5.041 ;
; SW[6]      ; HEX3[5]     ; 4.339 ; 4.374 ; 4.982 ; 5.037 ;
; SW[6]      ; HEX3[6]     ; 4.308 ; 4.346 ; 4.949 ; 5.007 ;
; SW[6]      ; LED[6]      ; 3.431 ;       ;       ; 3.969 ;
; SW[6]      ; LED[8]      ; 5.156 ;       ;       ; 5.895 ;
; SW[6]      ; LED[9]      ; 4.804 ; 4.889 ; 5.449 ; 5.554 ;
; SW[7]      ; HEX0[0]     ; 4.552 ; 4.583 ; 5.196 ; 5.227 ;
; SW[7]      ; HEX0[1]     ; 4.542 ; 4.572 ; 5.186 ; 5.216 ;
; SW[7]      ; HEX0[2]     ; 4.312 ; 4.319 ; 4.956 ; 4.963 ;
; SW[7]      ; HEX0[5]     ; 4.316 ; 4.322 ; 4.960 ; 4.966 ;
; SW[7]      ; HEX0[6]     ; 4.343 ; 4.312 ; 4.969 ; 4.956 ;
; SW[7]      ; HEX3[0]     ; 4.157 ; 4.188 ; 4.800 ; 4.831 ;
; SW[7]      ; HEX3[1]     ; 4.344 ; 4.391 ; 4.990 ; 5.037 ;
; SW[7]      ; HEX3[2]     ; 4.203 ; 4.258 ; 4.877 ; 4.883 ;
; SW[7]      ; HEX3[5]     ; 4.266 ; 4.316 ; 4.927 ; 4.933 ;
; SW[7]      ; HEX3[6]     ;       ; 4.313 ; 4.906 ;       ;
; SW[7]      ; LED[7]      ; 3.490 ;       ;       ; 4.027 ;
; SW[7]      ; LED[8]      ; 4.980 ;       ;       ; 5.703 ;
; SW[7]      ; LED[9]      ; 5.156 ; 5.245 ; 5.824 ; 5.903 ;
; SW[8]      ; HEX0[0]     ; 4.716 ; 4.751 ; 5.342 ; 5.377 ;
; SW[8]      ; HEX0[1]     ; 4.705 ; 4.740 ; 5.331 ; 5.366 ;
; SW[8]      ; HEX0[2]     ; 4.512 ; 4.487 ; 5.153 ; 5.113 ;
; SW[8]      ; HEX0[3]     ; 4.485 ; 4.475 ; 5.111 ; 5.101 ;
; SW[8]      ; HEX0[4]     ; 4.471 ; 4.512 ; 5.097 ; 5.153 ;
; SW[8]      ; HEX0[5]     ; 4.478 ; 4.519 ; 5.104 ; 5.160 ;
; SW[8]      ; HEX0[6]     ; 4.469 ; 4.512 ; 5.095 ; 5.153 ;
; SW[8]      ; LED[8]      ; 5.180 ; 5.506 ; 6.002 ; 5.911 ;
; SW[8]      ; LED[9]      ; 4.989 ; 5.079 ; 5.607 ; 5.697 ;
+------------+-------------+-------+-------+-------+-------+


+------------------------------------------------------------------------------------------------------------------------------------------------------------------------------------------------------------------------------------------------------------------------------------------------------------------------------------------------------------------------------------------------------------------+
; Board Trace Model Assignments                                                                                                                                                                                                                                                                                                                                                                                    ;
+---------------+--------------+-------------------+-------------------------+-------------------------+---------------+---------------------+----------------+------------------+--------+------------------+------------------------+------------------------+--------------+---------------+-----------------+-------+---------------------+--------------------+---------------+-----------------+-------------+
; Pin           ; I/O Standard ; Near Tline Length ; Near Tline L per Length ; Near Tline C per Length ; Near Series R ; Near Differential R ; Near Pull-up R ; Near Pull-down R ; Near C ; Far Tline Length ; Far Tline L per Length ; Far Tline C per Length ; Far Series R ; Far Pull-up R ; Far Pull-down R ; Far C ; Termination Voltage ; Far Differential R ; EBD File Name ; EBD Signal Name ; EBD Far-end ;
+---------------+--------------+-------------------+-------------------------+-------------------------+---------------+---------------------+----------------+------------------+--------+------------------+------------------------+------------------------+--------------+---------------+-----------------+-------+---------------------+--------------------+---------------+-----------------+-------------+
; HEX0[0]       ; 2.5 V        ; 0 in              ; 0 H/in                  ; 0 F/in                  ; short         ; -                   ; open           ; open             ; open   ; 0 in             ; 0 H/in                 ; 0 F/in                 ; short        ; open          ; open            ; open  ; 0 V                 ; -                  ; n/a           ; n/a             ; n/a         ;
; HEX0[1]       ; 2.5 V        ; 0 in              ; 0 H/in                  ; 0 F/in                  ; short         ; -                   ; open           ; open             ; open   ; 0 in             ; 0 H/in                 ; 0 F/in                 ; short        ; open          ; open            ; open  ; 0 V                 ; -                  ; n/a           ; n/a             ; n/a         ;
; HEX0[2]       ; 2.5 V        ; 0 in              ; 0 H/in                  ; 0 F/in                  ; short         ; -                   ; open           ; open             ; open   ; 0 in             ; 0 H/in                 ; 0 F/in                 ; short        ; open          ; open            ; open  ; 0 V                 ; -                  ; n/a           ; n/a             ; n/a         ;
; HEX0[3]       ; 2.5 V        ; 0 in              ; 0 H/in                  ; 0 F/in                  ; short         ; -                   ; open           ; open             ; open   ; 0 in             ; 0 H/in                 ; 0 F/in                 ; short        ; open          ; open            ; open  ; 0 V                 ; -                  ; n/a           ; n/a             ; n/a         ;
; HEX0[4]       ; 2.5 V        ; 0 in              ; 0 H/in                  ; 0 F/in                  ; short         ; -                   ; open           ; open             ; open   ; 0 in             ; 0 H/in                 ; 0 F/in                 ; short        ; open          ; open            ; open  ; 0 V                 ; -                  ; n/a           ; n/a             ; n/a         ;
; HEX0[5]       ; 2.5 V        ; 0 in              ; 0 H/in                  ; 0 F/in                  ; short         ; -                   ; open           ; open             ; open   ; 0 in             ; 0 H/in                 ; 0 F/in                 ; short        ; open          ; open            ; open  ; 0 V                 ; -                  ; n/a           ; n/a             ; n/a         ;
; HEX0[6]       ; 2.5 V        ; 0 in              ; 0 H/in                  ; 0 F/in                  ; short         ; -                   ; open           ; open             ; open   ; 0 in             ; 0 H/in                 ; 0 F/in                 ; short        ; open          ; open            ; open  ; 0 V                 ; -                  ; n/a           ; n/a             ; n/a         ;
; HEX1[0]       ; 2.5 V        ; 0 in              ; 0 H/in                  ; 0 F/in                  ; short         ; -                   ; open           ; open             ; open   ; 0 in             ; 0 H/in                 ; 0 F/in                 ; short        ; open          ; open            ; open  ; 0 V                 ; -                  ; n/a           ; n/a             ; n/a         ;
; HEX1[1]       ; 2.5 V        ; 0 in              ; 0 H/in                  ; 0 F/in                  ; short         ; -                   ; open           ; open             ; open   ; 0 in             ; 0 H/in                 ; 0 F/in                 ; short        ; open          ; open            ; open  ; 0 V                 ; -                  ; n/a           ; n/a             ; n/a         ;
; HEX1[2]       ; 2.5 V        ; 0 in              ; 0 H/in                  ; 0 F/in                  ; short         ; -                   ; open           ; open             ; open   ; 0 in             ; 0 H/in                 ; 0 F/in                 ; short        ; open          ; open            ; open  ; 0 V                 ; -                  ; n/a           ; n/a             ; n/a         ;
; HEX1[3]       ; 2.5 V        ; 0 in              ; 0 H/in                  ; 0 F/in                  ; short         ; -                   ; open           ; open             ; open   ; 0 in             ; 0 H/in                 ; 0 F/in                 ; short        ; open          ; open            ; open  ; 0 V                 ; -                  ; n/a           ; n/a             ; n/a         ;
; HEX1[4]       ; 2.5 V        ; 0 in              ; 0 H/in                  ; 0 F/in                  ; short         ; -                   ; open           ; open             ; open   ; 0 in             ; 0 H/in                 ; 0 F/in                 ; short        ; open          ; open            ; open  ; 0 V                 ; -                  ; n/a           ; n/a             ; n/a         ;
; HEX1[5]       ; 2.5 V        ; 0 in              ; 0 H/in                  ; 0 F/in                  ; short         ; -                   ; open           ; open             ; open   ; 0 in             ; 0 H/in                 ; 0 F/in                 ; short        ; open          ; open            ; open  ; 0 V                 ; -                  ; n/a           ; n/a             ; n/a         ;
; HEX1[6]       ; 2.5 V        ; 0 in              ; 0 H/in                  ; 0 F/in                  ; short         ; -                   ; open           ; open             ; open   ; 0 in             ; 0 H/in                 ; 0 F/in                 ; short        ; open          ; open            ; open  ; 0 V                 ; -                  ; n/a           ; n/a             ; n/a         ;
; HEX2[0]       ; 2.5 V        ; 0 in              ; 0 H/in                  ; 0 F/in                  ; short         ; -                   ; open           ; open             ; open   ; 0 in             ; 0 H/in                 ; 0 F/in                 ; short        ; open          ; open            ; open  ; 0 V                 ; -                  ; n/a           ; n/a             ; n/a         ;
; HEX2[1]       ; 2.5 V        ; 0 in              ; 0 H/in                  ; 0 F/in                  ; short         ; -                   ; open           ; open             ; open   ; 0 in             ; 0 H/in                 ; 0 F/in                 ; short        ; open          ; open            ; open  ; 0 V                 ; -                  ; n/a           ; n/a             ; n/a         ;
; HEX2[2]       ; 2.5 V        ; 0 in              ; 0 H/in                  ; 0 F/in                  ; short         ; -                   ; open           ; open             ; open   ; 0 in             ; 0 H/in                 ; 0 F/in                 ; short        ; open          ; open            ; open  ; 0 V                 ; -                  ; n/a           ; n/a             ; n/a         ;
; HEX2[3]       ; 2.5 V        ; 0 in              ; 0 H/in                  ; 0 F/in                  ; short         ; -                   ; open           ; open             ; open   ; 0 in             ; 0 H/in                 ; 0 F/in                 ; short        ; open          ; open            ; open  ; 0 V                 ; -                  ; n/a           ; n/a             ; n/a         ;
; HEX2[4]       ; 2.5 V        ; 0 in              ; 0 H/in                  ; 0 F/in                  ; short         ; -                   ; open           ; open             ; open   ; 0 in             ; 0 H/in                 ; 0 F/in                 ; short        ; open          ; open            ; open  ; 0 V                 ; -                  ; n/a           ; n/a             ; n/a         ;
; HEX2[5]       ; 2.5 V        ; 0 in              ; 0 H/in                  ; 0 F/in                  ; short         ; -                   ; open           ; open             ; open   ; 0 in             ; 0 H/in                 ; 0 F/in                 ; short        ; open          ; open            ; open  ; 0 V                 ; -                  ; n/a           ; n/a             ; n/a         ;
; HEX2[6]       ; 2.5 V        ; 0 in              ; 0 H/in                  ; 0 F/in                  ; short         ; -                   ; open           ; open             ; open   ; 0 in             ; 0 H/in                 ; 0 F/in                 ; short        ; open          ; open            ; open  ; 0 V                 ; -                  ; n/a           ; n/a             ; n/a         ;
; HEX3[0]       ; 2.5 V        ; 0 in              ; 0 H/in                  ; 0 F/in                  ; short         ; -                   ; open           ; open             ; open   ; 0 in             ; 0 H/in                 ; 0 F/in                 ; short        ; open          ; open            ; open  ; 0 V                 ; -                  ; n/a           ; n/a             ; n/a         ;
; HEX3[1]       ; 2.5 V        ; 0 in              ; 0 H/in                  ; 0 F/in                  ; short         ; -                   ; open           ; open             ; open   ; 0 in             ; 0 H/in                 ; 0 F/in                 ; short        ; open          ; open            ; open  ; 0 V                 ; -                  ; n/a           ; n/a             ; n/a         ;
; HEX3[2]       ; 2.5 V        ; 0 in              ; 0 H/in                  ; 0 F/in                  ; short         ; -                   ; open           ; open             ; open   ; 0 in             ; 0 H/in                 ; 0 F/in                 ; short        ; open          ; open            ; open  ; 0 V                 ; -                  ; n/a           ; n/a             ; n/a         ;
; HEX3[3]       ; 2.5 V        ; 0 in              ; 0 H/in                  ; 0 F/in                  ; short         ; -                   ; open           ; open             ; open   ; 0 in             ; 0 H/in                 ; 0 F/in                 ; short        ; open          ; open            ; open  ; 0 V                 ; -                  ; n/a           ; n/a             ; n/a         ;
; HEX3[4]       ; 2.5 V        ; 0 in              ; 0 H/in                  ; 0 F/in                  ; short         ; -                   ; open           ; open             ; open   ; 0 in             ; 0 H/in                 ; 0 F/in                 ; short        ; open          ; open            ; open  ; 0 V                 ; -                  ; n/a           ; n/a             ; n/a         ;
; HEX3[5]       ; 2.5 V        ; 0 in              ; 0 H/in                  ; 0 F/in                  ; short         ; -                   ; open           ; open             ; open   ; 0 in             ; 0 H/in                 ; 0 F/in                 ; short        ; open          ; open            ; open  ; 0 V                 ; -                  ; n/a           ; n/a             ; n/a         ;
; HEX3[6]       ; 2.5 V        ; 0 in              ; 0 H/in                  ; 0 F/in                  ; short         ; -                   ; open           ; open             ; open   ; 0 in             ; 0 H/in                 ; 0 F/in                 ; short        ; open          ; open            ; open  ; 0 V                 ; -                  ; n/a           ; n/a             ; n/a         ;
; LED[0]        ; 2.5 V        ; 0 in              ; 0 H/in                  ; 0 F/in                  ; short         ; -                   ; open           ; open             ; open   ; 0 in             ; 0 H/in                 ; 0 F/in                 ; short        ; open          ; open            ; open  ; 0 V                 ; -                  ; n/a           ; n/a             ; n/a         ;
; LED[1]        ; 2.5 V        ; 0 in              ; 0 H/in                  ; 0 F/in                  ; short         ; -                   ; open           ; open             ; open   ; 0 in             ; 0 H/in                 ; 0 F/in                 ; short        ; open          ; open            ; open  ; 0 V                 ; -                  ; n/a           ; n/a             ; n/a         ;
; LED[2]        ; 2.5 V        ; 0 in              ; 0 H/in                  ; 0 F/in                  ; short         ; -                   ; open           ; open             ; open   ; 0 in             ; 0 H/in                 ; 0 F/in                 ; short        ; open          ; open            ; open  ; 0 V                 ; -                  ; n/a           ; n/a             ; n/a         ;
; LED[3]        ; 2.5 V        ; 0 in              ; 0 H/in                  ; 0 F/in                  ; short         ; -                   ; open           ; open             ; open   ; 0 in             ; 0 H/in                 ; 0 F/in                 ; short        ; open          ; open            ; open  ; 0 V                 ; -                  ; n/a           ; n/a             ; n/a         ;
; LED[4]        ; 2.5 V        ; 0 in              ; 0 H/in                  ; 0 F/in                  ; short         ; -                   ; open           ; open             ; open   ; 0 in             ; 0 H/in                 ; 0 F/in                 ; short        ; open          ; open            ; open  ; 0 V                 ; -                  ; n/a           ; n/a             ; n/a         ;
; LED[5]        ; 2.5 V        ; 0 in              ; 0 H/in                  ; 0 F/in                  ; short         ; -                   ; open           ; open             ; open   ; 0 in             ; 0 H/in                 ; 0 F/in                 ; short        ; open          ; open            ; open  ; 0 V                 ; -                  ; n/a           ; n/a             ; n/a         ;
; LED[6]        ; 2.5 V        ; 0 in              ; 0 H/in                  ; 0 F/in                  ; short         ; -                   ; open           ; open             ; open   ; 0 in             ; 0 H/in                 ; 0 F/in                 ; short        ; open          ; open            ; open  ; 0 V                 ; -                  ; n/a           ; n/a             ; n/a         ;
; LED[7]        ; 2.5 V        ; 0 in              ; 0 H/in                  ; 0 F/in                  ; short         ; -                   ; open           ; open             ; open   ; 0 in             ; 0 H/in                 ; 0 F/in                 ; short        ; open          ; open            ; open  ; 0 V                 ; -                  ; n/a           ; n/a             ; n/a         ;
; LED[8]        ; 2.5 V        ; 0 in              ; 0 H/in                  ; 0 F/in                  ; short         ; -                   ; open           ; open             ; open   ; 0 in             ; 0 H/in                 ; 0 F/in                 ; short        ; open          ; open            ; open  ; 0 V                 ; -                  ; n/a           ; n/a             ; n/a         ;
; LED[9]        ; 2.5 V        ; 0 in              ; 0 H/in                  ; 0 F/in                  ; short         ; -                   ; open           ; open             ; open   ; 0 in             ; 0 H/in                 ; 0 F/in                 ; short        ; open          ; open            ; open  ; 0 V                 ; -                  ; n/a           ; n/a             ; n/a         ;
; ~ALTERA_DCLK~ ; 2.5 V        ; 0 in              ; 0 H/in                  ; 0 F/in                  ; short         ; -                   ; open           ; open             ; open   ; 0 in             ; 0 H/in                 ; 0 F/in                 ; short        ; open          ; open            ; open  ; 0 V                 ; -                  ; n/a           ; n/a             ; n/a         ;
; ~ALTERA_nCEO~ ; 2.5 V        ; 0 in              ; 0 H/in                  ; 0 F/in                  ; short         ; -                   ; open           ; open             ; open   ; 0 in             ; 0 H/in                 ; 0 F/in                 ; short        ; open          ; open            ; open  ; 0 V                 ; -                  ; n/a           ; n/a             ; n/a         ;
+---------------+--------------+-------------------+-------------------------+-------------------------+---------------+---------------------+----------------+------------------+--------+------------------+------------------------+------------------------+--------------+---------------+-----------------+-------+---------------------+--------------------+---------------+-----------------+-------------+


+----------------------------------------------------------------------------+
; Input Transition Times                                                     ;
+-------------------------+--------------+-----------------+-----------------+
; Pin                     ; I/O Standard ; 10-90 Rise Time ; 90-10 Fall Time ;
+-------------------------+--------------+-----------------+-----------------+
; CLK                     ; 2.5 V        ; 2000 ps         ; 2000 ps         ;
; SW[9]                   ; 2.5 V        ; 2000 ps         ; 2000 ps         ;
; BTN[0]                  ; 2.5 V        ; 2000 ps         ; 2000 ps         ;
; BTN[1]                  ; 2.5 V        ; 2000 ps         ; 2000 ps         ;
; BTN[2]                  ; 2.5 V        ; 2000 ps         ; 2000 ps         ;
; SW[3]                   ; 2.5 V        ; 2000 ps         ; 2000 ps         ;
; SW[8]                   ; 2.5 V        ; 2000 ps         ; 2000 ps         ;
; SW[7]                   ; 2.5 V        ; 2000 ps         ; 2000 ps         ;
; SW[2]                   ; 2.5 V        ; 2000 ps         ; 2000 ps         ;
; SW[6]                   ; 2.5 V        ; 2000 ps         ; 2000 ps         ;
; SW[1]                   ; 2.5 V        ; 2000 ps         ; 2000 ps         ;
; SW[5]                   ; 2.5 V        ; 2000 ps         ; 2000 ps         ;
; SW[0]                   ; 2.5 V        ; 2000 ps         ; 2000 ps         ;
; SW[4]                   ; 2.5 V        ; 2000 ps         ; 2000 ps         ;
; ~ALTERA_ASDO_DATA1~     ; 2.5 V        ; 2000 ps         ; 2000 ps         ;
; ~ALTERA_FLASH_nCE_nCSO~ ; 2.5 V        ; 2000 ps         ; 2000 ps         ;
; ~ALTERA_DATA0~          ; 2.5 V        ; 2000 ps         ; 2000 ps         ;
+-------------------------+--------------+-----------------+-----------------+


+--------------------------------------------------------------------------------------------------------------------------------------------------------------------------------------------------------------------------------------------------------------------------------------------------------------------------------------------------------------------------------------------------------------------------------------------------------------------------------------------------------------------------------------------------------------------------------------------------------------------------------------------------------------------------------------------+
; Slow Corner Signal Integrity Metrics                                                                                                                                                                                                                                                                                                                                                                                                                                                                                                                                                                                                                                                       ;
+---------------+--------------+---------------------+---------------------+------------------------------+------------------------------+---------------------+---------------------+--------------------------------------+--------------------------------------+-----------------------------+-----------------------------+----------------------------+----------------------------+-----------------------------+-----------------------------+--------------------+--------------------+-------------------------------------+-------------------------------------+----------------------------+----------------------------+---------------------------+---------------------------+
; Pin           ; I/O Standard ; Board Delay on Rise ; Board Delay on Fall ; Steady State Voh at FPGA Pin ; Steady State Vol at FPGA Pin ; Voh Max at FPGA Pin ; Vol Min at FPGA Pin ; Ringback Voltage on Rise at FPGA Pin ; Ringback Voltage on Fall at FPGA Pin ; 10-90 Rise Time at FPGA Pin ; 90-10 Fall Time at FPGA Pin ; Monotonic Rise at FPGA Pin ; Monotonic Fall at FPGA Pin ; Steady State Voh at Far-end ; Steady State Vol at Far-end ; Voh Max at Far-end ; Vol Min at Far-end ; Ringback Voltage on Rise at Far-end ; Ringback Voltage on Fall at Far-end ; 10-90 Rise Time at Far-end ; 90-10 Fall Time at Far-end ; Monotonic Rise at Far-end ; Monotonic Fall at Far-end ;
+---------------+--------------+---------------------+---------------------+------------------------------+------------------------------+---------------------+---------------------+--------------------------------------+--------------------------------------+-----------------------------+-----------------------------+----------------------------+----------------------------+-----------------------------+-----------------------------+--------------------+--------------------+-------------------------------------+-------------------------------------+----------------------------+----------------------------+---------------------------+---------------------------+
; HEX0[0]       ; 2.5 V        ; 0 s                 ; 0 s                 ; 2.32 V                       ; 1.08e-06 V                   ; 2.36 V              ; -0.0113 V           ; 0.122 V                              ; 0.022 V                              ; 4.5e-10 s                   ; 4.45e-10 s                  ; Yes                        ; Yes                        ; 2.32 V                      ; 1.08e-06 V                  ; 2.36 V             ; -0.0113 V          ; 0.122 V                             ; 0.022 V                             ; 4.5e-10 s                  ; 4.45e-10 s                 ; Yes                       ; Yes                       ;
; HEX0[1]       ; 2.5 V        ; 0 s                 ; 0 s                 ; 2.32 V                       ; 1.08e-06 V                   ; 2.36 V              ; -0.0113 V           ; 0.122 V                              ; 0.022 V                              ; 4.5e-10 s                   ; 4.45e-10 s                  ; Yes                        ; Yes                        ; 2.32 V                      ; 1.08e-06 V                  ; 2.36 V             ; -0.0113 V          ; 0.122 V                             ; 0.022 V                             ; 4.5e-10 s                  ; 4.45e-10 s                 ; Yes                       ; Yes                       ;
; HEX0[2]       ; 2.5 V        ; 0 s                 ; 0 s                 ; 2.32 V                       ; 1.08e-06 V                   ; 2.36 V              ; -0.0113 V           ; 0.122 V                              ; 0.022 V                              ; 4.5e-10 s                   ; 4.45e-10 s                  ; Yes                        ; Yes                        ; 2.32 V                      ; 1.08e-06 V                  ; 2.36 V             ; -0.0113 V          ; 0.122 V                             ; 0.022 V                             ; 4.5e-10 s                  ; 4.45e-10 s                 ; Yes                       ; Yes                       ;
; HEX0[3]       ; 2.5 V        ; 0 s                 ; 0 s                 ; 2.32 V                       ; 1.08e-06 V                   ; 2.36 V              ; -0.0113 V           ; 0.122 V                              ; 0.022 V                              ; 4.5e-10 s                   ; 4.45e-10 s                  ; Yes                        ; Yes                        ; 2.32 V                      ; 1.08e-06 V                  ; 2.36 V             ; -0.0113 V          ; 0.122 V                             ; 0.022 V                             ; 4.5e-10 s                  ; 4.45e-10 s                 ; Yes                       ; Yes                       ;
; HEX0[4]       ; 2.5 V        ; 0 s                 ; 0 s                 ; 2.32 V                       ; 1.08e-06 V                   ; 2.36 V              ; -0.0113 V           ; 0.122 V                              ; 0.022 V                              ; 4.5e-10 s                   ; 4.45e-10 s                  ; Yes                        ; Yes                        ; 2.32 V                      ; 1.08e-06 V                  ; 2.36 V             ; -0.0113 V          ; 0.122 V                             ; 0.022 V                             ; 4.5e-10 s                  ; 4.45e-10 s                 ; Yes                       ; Yes                       ;
; HEX0[5]       ; 2.5 V        ; 0 s                 ; 0 s                 ; 2.32 V                       ; 1.08e-06 V                   ; 2.36 V              ; -0.0113 V           ; 0.122 V                              ; 0.022 V                              ; 4.5e-10 s                   ; 4.45e-10 s                  ; Yes                        ; Yes                        ; 2.32 V                      ; 1.08e-06 V                  ; 2.36 V             ; -0.0113 V          ; 0.122 V                             ; 0.022 V                             ; 4.5e-10 s                  ; 4.45e-10 s                 ; Yes                       ; Yes                       ;
; HEX0[6]       ; 2.5 V        ; 0 s                 ; 0 s                 ; 2.32 V                       ; 1.08e-06 V                   ; 2.36 V              ; -0.0113 V           ; 0.122 V                              ; 0.022 V                              ; 4.5e-10 s                   ; 4.45e-10 s                  ; Yes                        ; Yes                        ; 2.32 V                      ; 1.08e-06 V                  ; 2.36 V             ; -0.0113 V          ; 0.122 V                             ; 0.022 V                             ; 4.5e-10 s                  ; 4.45e-10 s                 ; Yes                       ; Yes                       ;
; HEX1[0]       ; 2.5 V        ; 0 s                 ; 0 s                 ; 2.32 V                       ; 1.08e-06 V                   ; 2.36 V              ; -0.0113 V           ; 0.122 V                              ; 0.022 V                              ; 4.5e-10 s                   ; 4.45e-10 s                  ; Yes                        ; Yes                        ; 2.32 V                      ; 1.08e-06 V                  ; 2.36 V             ; -0.0113 V          ; 0.122 V                             ; 0.022 V                             ; 4.5e-10 s                  ; 4.45e-10 s                 ; Yes                       ; Yes                       ;
; HEX1[1]       ; 2.5 V        ; 0 s                 ; 0 s                 ; 2.32 V                       ; 1.08e-06 V                   ; 2.36 V              ; -0.0113 V           ; 0.122 V                              ; 0.022 V                              ; 4.5e-10 s                   ; 4.45e-10 s                  ; Yes                        ; Yes                        ; 2.32 V                      ; 1.08e-06 V                  ; 2.36 V             ; -0.0113 V          ; 0.122 V                             ; 0.022 V                             ; 4.5e-10 s                  ; 4.45e-10 s                 ; Yes                       ; Yes                       ;
; HEX1[2]       ; 2.5 V        ; 0 s                 ; 0 s                 ; 2.32 V                       ; 1.08e-06 V                   ; 2.36 V              ; -0.0113 V           ; 0.122 V                              ; 0.022 V                              ; 4.5e-10 s                   ; 4.45e-10 s                  ; Yes                        ; Yes                        ; 2.32 V                      ; 1.08e-06 V                  ; 2.36 V             ; -0.0113 V          ; 0.122 V                             ; 0.022 V                             ; 4.5e-10 s                  ; 4.45e-10 s                 ; Yes                       ; Yes                       ;
; HEX1[3]       ; 2.5 V        ; 0 s                 ; 0 s                 ; 2.32 V                       ; 1.08e-06 V                   ; 2.36 V              ; -0.0113 V           ; 0.122 V                              ; 0.022 V                              ; 4.5e-10 s                   ; 4.45e-10 s                  ; Yes                        ; Yes                        ; 2.32 V                      ; 1.08e-06 V                  ; 2.36 V             ; -0.0113 V          ; 0.122 V                             ; 0.022 V                             ; 4.5e-10 s                  ; 4.45e-10 s                 ; Yes                       ; Yes                       ;
; HEX1[4]       ; 2.5 V        ; 0 s                 ; 0 s                 ; 2.32 V                       ; 1.08e-06 V                   ; 2.36 V              ; -0.0113 V           ; 0.122 V                              ; 0.022 V                              ; 4.5e-10 s                   ; 4.45e-10 s                  ; Yes                        ; Yes                        ; 2.32 V                      ; 1.08e-06 V                  ; 2.36 V             ; -0.0113 V          ; 0.122 V                             ; 0.022 V                             ; 4.5e-10 s                  ; 4.45e-10 s                 ; Yes                       ; Yes                       ;
; HEX1[5]       ; 2.5 V        ; 0 s                 ; 0 s                 ; 2.32 V                       ; 1.08e-06 V                   ; 2.36 V              ; -0.0113 V           ; 0.122 V                              ; 0.022 V                              ; 4.5e-10 s                   ; 4.45e-10 s                  ; Yes                        ; Yes                        ; 2.32 V                      ; 1.08e-06 V                  ; 2.36 V             ; -0.0113 V          ; 0.122 V                             ; 0.022 V                             ; 4.5e-10 s                  ; 4.45e-10 s                 ; Yes                       ; Yes                       ;
; HEX1[6]       ; 2.5 V        ; 0 s                 ; 0 s                 ; 2.32 V                       ; 1.08e-06 V                   ; 2.36 V              ; -0.0113 V           ; 0.122 V                              ; 0.022 V                              ; 4.5e-10 s                   ; 4.45e-10 s                  ; Yes                        ; Yes                        ; 2.32 V                      ; 1.08e-06 V                  ; 2.36 V             ; -0.0113 V          ; 0.122 V                             ; 0.022 V                             ; 4.5e-10 s                  ; 4.45e-10 s                 ; Yes                       ; Yes                       ;
; HEX2[0]       ; 2.5 V        ; 0 s                 ; 0 s                 ; 2.32 V                       ; 1.08e-06 V                   ; 2.36 V              ; -0.0113 V           ; 0.122 V                              ; 0.022 V                              ; 4.5e-10 s                   ; 4.45e-10 s                  ; Yes                        ; Yes                        ; 2.32 V                      ; 1.08e-06 V                  ; 2.36 V             ; -0.0113 V          ; 0.122 V                             ; 0.022 V                             ; 4.5e-10 s                  ; 4.45e-10 s                 ; Yes                       ; Yes                       ;
; HEX2[1]       ; 2.5 V        ; 0 s                 ; 0 s                 ; 2.32 V                       ; 1.08e-06 V                   ; 2.36 V              ; -0.0113 V           ; 0.122 V                              ; 0.022 V                              ; 4.5e-10 s                   ; 4.45e-10 s                  ; Yes                        ; Yes                        ; 2.32 V                      ; 1.08e-06 V                  ; 2.36 V             ; -0.0113 V          ; 0.122 V                             ; 0.022 V                             ; 4.5e-10 s                  ; 4.45e-10 s                 ; Yes                       ; Yes                       ;
; HEX2[2]       ; 2.5 V        ; 0 s                 ; 0 s                 ; 2.32 V                       ; 1.08e-06 V                   ; 2.36 V              ; -0.0113 V           ; 0.122 V                              ; 0.022 V                              ; 4.5e-10 s                   ; 4.45e-10 s                  ; Yes                        ; Yes                        ; 2.32 V                      ; 1.08e-06 V                  ; 2.36 V             ; -0.0113 V          ; 0.122 V                             ; 0.022 V                             ; 4.5e-10 s                  ; 4.45e-10 s                 ; Yes                       ; Yes                       ;
; HEX2[3]       ; 2.5 V        ; 0 s                 ; 0 s                 ; 2.32 V                       ; 1.08e-06 V                   ; 2.36 V              ; -0.0113 V           ; 0.122 V                              ; 0.022 V                              ; 4.5e-10 s                   ; 4.45e-10 s                  ; Yes                        ; Yes                        ; 2.32 V                      ; 1.08e-06 V                  ; 2.36 V             ; -0.0113 V          ; 0.122 V                             ; 0.022 V                             ; 4.5e-10 s                  ; 4.45e-10 s                 ; Yes                       ; Yes                       ;
; HEX2[4]       ; 2.5 V        ; 0 s                 ; 0 s                 ; 2.32 V                       ; 1.08e-06 V                   ; 2.36 V              ; -0.0113 V           ; 0.122 V                              ; 0.022 V                              ; 4.5e-10 s                   ; 4.45e-10 s                  ; Yes                        ; Yes                        ; 2.32 V                      ; 1.08e-06 V                  ; 2.36 V             ; -0.0113 V          ; 0.122 V                             ; 0.022 V                             ; 4.5e-10 s                  ; 4.45e-10 s                 ; Yes                       ; Yes                       ;
; HEX2[5]       ; 2.5 V        ; 0 s                 ; 0 s                 ; 2.32 V                       ; 1.08e-06 V                   ; 2.36 V              ; -0.0113 V           ; 0.122 V                              ; 0.022 V                              ; 4.5e-10 s                   ; 4.45e-10 s                  ; Yes                        ; Yes                        ; 2.32 V                      ; 1.08e-06 V                  ; 2.36 V             ; -0.0113 V          ; 0.122 V                             ; 0.022 V                             ; 4.5e-10 s                  ; 4.45e-10 s                 ; Yes                       ; Yes                       ;
; HEX2[6]       ; 2.5 V        ; 0 s                 ; 0 s                 ; 2.32 V                       ; 1.08e-06 V                   ; 2.36 V              ; -0.0113 V           ; 0.122 V                              ; 0.022 V                              ; 4.5e-10 s                   ; 4.45e-10 s                  ; Yes                        ; Yes                        ; 2.32 V                      ; 1.08e-06 V                  ; 2.36 V             ; -0.0113 V          ; 0.122 V                             ; 0.022 V                             ; 4.5e-10 s                  ; 4.45e-10 s                 ; Yes                       ; Yes                       ;
; HEX3[0]       ; 2.5 V        ; 0 s                 ; 0 s                 ; 2.32 V                       ; 1.08e-06 V                   ; 2.36 V              ; -0.0113 V           ; 0.122 V                              ; 0.022 V                              ; 4.5e-10 s                   ; 4.45e-10 s                  ; Yes                        ; Yes                        ; 2.32 V                      ; 1.08e-06 V                  ; 2.36 V             ; -0.0113 V          ; 0.122 V                             ; 0.022 V                             ; 4.5e-10 s                  ; 4.45e-10 s                 ; Yes                       ; Yes                       ;
; HEX3[1]       ; 2.5 V        ; 0 s                 ; 0 s                 ; 2.32 V                       ; 1.08e-06 V                   ; 2.36 V              ; -0.0113 V           ; 0.122 V                              ; 0.022 V                              ; 4.5e-10 s                   ; 4.45e-10 s                  ; Yes                        ; Yes                        ; 2.32 V                      ; 1.08e-06 V                  ; 2.36 V             ; -0.0113 V          ; 0.122 V                             ; 0.022 V                             ; 4.5e-10 s                  ; 4.45e-10 s                 ; Yes                       ; Yes                       ;
; HEX3[2]       ; 2.5 V        ; 0 s                 ; 0 s                 ; 2.32 V                       ; 1.08e-06 V                   ; 2.36 V              ; -0.0113 V           ; 0.122 V                              ; 0.022 V                              ; 4.5e-10 s                   ; 4.45e-10 s                  ; Yes                        ; Yes                        ; 2.32 V                      ; 1.08e-06 V                  ; 2.36 V             ; -0.0113 V          ; 0.122 V                             ; 0.022 V                             ; 4.5e-10 s                  ; 4.45e-10 s                 ; Yes                       ; Yes                       ;
; HEX3[3]       ; 2.5 V        ; 0 s                 ; 0 s                 ; 2.32 V                       ; 1.08e-06 V                   ; 2.36 V              ; -0.0113 V           ; 0.122 V                              ; 0.022 V                              ; 4.5e-10 s                   ; 4.45e-10 s                  ; Yes                        ; Yes                        ; 2.32 V                      ; 1.08e-06 V                  ; 2.36 V             ; -0.0113 V          ; 0.122 V                             ; 0.022 V                             ; 4.5e-10 s                  ; 4.45e-10 s                 ; Yes                       ; Yes                       ;
; HEX3[4]       ; 2.5 V        ; 0 s                 ; 0 s                 ; 2.32 V                       ; 1.08e-06 V                   ; 2.36 V              ; -0.0113 V           ; 0.122 V                              ; 0.022 V                              ; 4.5e-10 s                   ; 4.45e-10 s                  ; Yes                        ; Yes                        ; 2.32 V                      ; 1.08e-06 V                  ; 2.36 V             ; -0.0113 V          ; 0.122 V                             ; 0.022 V                             ; 4.5e-10 s                  ; 4.45e-10 s                 ; Yes                       ; Yes                       ;
; HEX3[5]       ; 2.5 V        ; 0 s                 ; 0 s                 ; 2.32 V                       ; 1.08e-06 V                   ; 2.36 V              ; -0.0113 V           ; 0.122 V                              ; 0.022 V                              ; 4.5e-10 s                   ; 4.45e-10 s                  ; Yes                        ; Yes                        ; 2.32 V                      ; 1.08e-06 V                  ; 2.36 V             ; -0.0113 V          ; 0.122 V                             ; 0.022 V                             ; 4.5e-10 s                  ; 4.45e-10 s                 ; Yes                       ; Yes                       ;
; HEX3[6]       ; 2.5 V        ; 0 s                 ; 0 s                 ; 2.32 V                       ; 1.08e-06 V                   ; 2.36 V              ; -0.0113 V           ; 0.122 V                              ; 0.022 V                              ; 4.5e-10 s                   ; 4.45e-10 s                  ; Yes                        ; Yes                        ; 2.32 V                      ; 1.08e-06 V                  ; 2.36 V             ; -0.0113 V          ; 0.122 V                             ; 0.022 V                             ; 4.5e-10 s                  ; 4.45e-10 s                 ; Yes                       ; Yes                       ;
; LED[0]        ; 2.5 V        ; 0 s                 ; 0 s                 ; 2.32 V                       ; 7.25e-07 V                   ; 2.35 V              ; -0.0111 V           ; 0.113 V                              ; 0.035 V                              ; 7.76e-10 s                  ; 8.04e-10 s                  ; Yes                        ; Yes                        ; 2.32 V                      ; 7.25e-07 V                  ; 2.35 V             ; -0.0111 V          ; 0.113 V                             ; 0.035 V                             ; 7.76e-10 s                 ; 8.04e-10 s                 ; Yes                       ; Yes                       ;
; LED[1]        ; 2.5 V        ; 0 s                 ; 0 s                 ; 2.32 V                       ; 7.25e-07 V                   ; 2.35 V              ; -0.0111 V           ; 0.113 V                              ; 0.035 V                              ; 7.76e-10 s                  ; 8.04e-10 s                  ; Yes                        ; Yes                        ; 2.32 V                      ; 7.25e-07 V                  ; 2.35 V             ; -0.0111 V          ; 0.113 V                             ; 0.035 V                             ; 7.76e-10 s                 ; 8.04e-10 s                 ; Yes                       ; Yes                       ;
; LED[2]        ; 2.5 V        ; 0 s                 ; 0 s                 ; 2.32 V                       ; 7.25e-07 V                   ; 2.33 V              ; -0.00317 V          ; 0.162 V                              ; 0.063 V                              ; 3.54e-09 s                  ; 3.41e-09 s                  ; Yes                        ; Yes                        ; 2.32 V                      ; 7.25e-07 V                  ; 2.33 V             ; -0.00317 V         ; 0.162 V                             ; 0.063 V                             ; 3.54e-09 s                 ; 3.41e-09 s                 ; Yes                       ; Yes                       ;
; LED[3]        ; 2.5 V        ; 0 s                 ; 0 s                 ; 2.32 V                       ; 7.25e-07 V                   ; 2.35 V              ; -0.0111 V           ; 0.113 V                              ; 0.035 V                              ; 7.76e-10 s                  ; 8.04e-10 s                  ; Yes                        ; Yes                        ; 2.32 V                      ; 7.25e-07 V                  ; 2.35 V             ; -0.0111 V          ; 0.113 V                             ; 0.035 V                             ; 7.76e-10 s                 ; 8.04e-10 s                 ; Yes                       ; Yes                       ;
; LED[4]        ; 2.5 V        ; 0 s                 ; 0 s                 ; 2.32 V                       ; 7.25e-07 V                   ; 2.35 V              ; -0.0111 V           ; 0.113 V                              ; 0.035 V                              ; 7.76e-10 s                  ; 8.04e-10 s                  ; Yes                        ; Yes                        ; 2.32 V                      ; 7.25e-07 V                  ; 2.35 V             ; -0.0111 V          ; 0.113 V                             ; 0.035 V                             ; 7.76e-10 s                 ; 8.04e-10 s                 ; Yes                       ; Yes                       ;
; LED[5]        ; 2.5 V        ; 0 s                 ; 0 s                 ; 2.32 V                       ; 7.25e-07 V                   ; 2.35 V              ; -0.0111 V           ; 0.113 V                              ; 0.035 V                              ; 7.76e-10 s                  ; 8.04e-10 s                  ; Yes                        ; Yes                        ; 2.32 V                      ; 7.25e-07 V                  ; 2.35 V             ; -0.0111 V          ; 0.113 V                             ; 0.035 V                             ; 7.76e-10 s                 ; 8.04e-10 s                 ; Yes                       ; Yes                       ;
; LED[6]        ; 2.5 V        ; 0 s                 ; 0 s                 ; 2.32 V                       ; 7.25e-07 V                   ; 2.35 V              ; -0.0111 V           ; 0.113 V                              ; 0.035 V                              ; 7.76e-10 s                  ; 8.04e-10 s                  ; Yes                        ; Yes                        ; 2.32 V                      ; 7.25e-07 V                  ; 2.35 V             ; -0.0111 V          ; 0.113 V                             ; 0.035 V                             ; 7.76e-10 s                 ; 8.04e-10 s                 ; Yes                       ; Yes                       ;
; LED[7]        ; 2.5 V        ; 0 s                 ; 0 s                 ; 2.32 V                       ; 7.25e-07 V                   ; 2.35 V              ; -0.0111 V           ; 0.113 V                              ; 0.035 V                              ; 7.76e-10 s                  ; 8.04e-10 s                  ; Yes                        ; Yes                        ; 2.32 V                      ; 7.25e-07 V                  ; 2.35 V             ; -0.0111 V          ; 0.113 V                             ; 0.035 V                             ; 7.76e-10 s                 ; 8.04e-10 s                 ; Yes                       ; Yes                       ;
; LED[8]        ; 2.5 V        ; 0 s                 ; 0 s                 ; 2.32 V                       ; 7.25e-07 V                   ; 2.35 V              ; -0.0111 V           ; 0.113 V                              ; 0.035 V                              ; 7.76e-10 s                  ; 8.04e-10 s                  ; Yes                        ; Yes                        ; 2.32 V                      ; 7.25e-07 V                  ; 2.35 V             ; -0.0111 V          ; 0.113 V                             ; 0.035 V                             ; 7.76e-10 s                 ; 8.04e-10 s                 ; Yes                       ; Yes                       ;
; LED[9]        ; 2.5 V        ; 0 s                 ; 0 s                 ; 2.32 V                       ; 7.25e-07 V                   ; 2.35 V              ; -0.0111 V           ; 0.113 V                              ; 0.035 V                              ; 7.76e-10 s                  ; 8.04e-10 s                  ; Yes                        ; Yes                        ; 2.32 V                      ; 7.25e-07 V                  ; 2.35 V             ; -0.0111 V          ; 0.113 V                             ; 0.035 V                             ; 7.76e-10 s                 ; 8.04e-10 s                 ; Yes                       ; Yes                       ;
; ~ALTERA_DCLK~ ; 2.5 V        ; 0 s                 ; 0 s                 ; 2.32 V                       ; 5.68e-07 V                   ; 2.35 V              ; -0.0132 V           ; 0.2 V                                ; 0.027 V                              ; 5.26e-10 s                  ; 4.81e-10 s                  ; Yes                        ; Yes                        ; 2.32 V                      ; 5.68e-07 V                  ; 2.35 V             ; -0.0132 V          ; 0.2 V                               ; 0.027 V                             ; 5.26e-10 s                 ; 4.81e-10 s                 ; Yes                       ; Yes                       ;
; ~ALTERA_nCEO~ ; 2.5 V        ; 0 s                 ; 0 s                 ; 2.32 V                       ; 9.36e-07 V                   ; 2.35 V              ; -0.00444 V          ; 0.18 V                               ; 0.019 V                              ; 7.23e-10 s                  ; 9.82e-10 s                  ; Yes                        ; Yes                        ; 2.32 V                      ; 9.36e-07 V                  ; 2.35 V             ; -0.00444 V         ; 0.18 V                              ; 0.019 V                             ; 7.23e-10 s                 ; 9.82e-10 s                 ; Yes                       ; Yes                       ;
+---------------+--------------+---------------------+---------------------+------------------------------+------------------------------+---------------------+---------------------+--------------------------------------+--------------------------------------+-----------------------------+-----------------------------+----------------------------+----------------------------+-----------------------------+-----------------------------+--------------------+--------------------+-------------------------------------+-------------------------------------+----------------------------+----------------------------+---------------------------+---------------------------+


+--------------------------------------------------------------------------------------------------------------------------------------------------------------------------------------------------------------------------------------------------------------------------------------------------------------------------------------------------------------------------------------------------------------------------------------------------------------------------------------------------------------------------------------------------------------------------------------------------------------------------------------------------------------------------------------------+
; Fast Corner Signal Integrity Metrics                                                                                                                                                                                                                                                                                                                                                                                                                                                                                                                                                                                                                                                       ;
+---------------+--------------+---------------------+---------------------+------------------------------+------------------------------+---------------------+---------------------+--------------------------------------+--------------------------------------+-----------------------------+-----------------------------+----------------------------+----------------------------+-----------------------------+-----------------------------+--------------------+--------------------+-------------------------------------+-------------------------------------+----------------------------+----------------------------+---------------------------+---------------------------+
; Pin           ; I/O Standard ; Board Delay on Rise ; Board Delay on Fall ; Steady State Voh at FPGA Pin ; Steady State Vol at FPGA Pin ; Voh Max at FPGA Pin ; Vol Min at FPGA Pin ; Ringback Voltage on Rise at FPGA Pin ; Ringback Voltage on Fall at FPGA Pin ; 10-90 Rise Time at FPGA Pin ; 90-10 Fall Time at FPGA Pin ; Monotonic Rise at FPGA Pin ; Monotonic Fall at FPGA Pin ; Steady State Voh at Far-end ; Steady State Vol at Far-end ; Voh Max at Far-end ; Vol Min at Far-end ; Ringback Voltage on Rise at Far-end ; Ringback Voltage on Fall at Far-end ; 10-90 Rise Time at Far-end ; 90-10 Fall Time at Far-end ; Monotonic Rise at Far-end ; Monotonic Fall at Far-end ;
+---------------+--------------+---------------------+---------------------+------------------------------+------------------------------+---------------------+---------------------+--------------------------------------+--------------------------------------+-----------------------------+-----------------------------+----------------------------+----------------------------+-----------------------------+-----------------------------+--------------------+--------------------+-------------------------------------+-------------------------------------+----------------------------+----------------------------+---------------------------+---------------------------+
; HEX0[0]       ; 2.5 V        ; 0 s                 ; 0 s                 ; 2.62 V                       ; 4.11e-08 V                   ; 2.73 V              ; -0.0566 V           ; 0.191 V                              ; 0.12 V                               ; 2.69e-10 s                  ; 2.76e-10 s                  ; Yes                        ; Yes                        ; 2.62 V                      ; 4.11e-08 V                  ; 2.73 V             ; -0.0566 V          ; 0.191 V                             ; 0.12 V                              ; 2.69e-10 s                 ; 2.76e-10 s                 ; Yes                       ; Yes                       ;
; HEX0[1]       ; 2.5 V        ; 0 s                 ; 0 s                 ; 2.62 V                       ; 4.11e-08 V                   ; 2.73 V              ; -0.0566 V           ; 0.191 V                              ; 0.12 V                               ; 2.69e-10 s                  ; 2.76e-10 s                  ; Yes                        ; Yes                        ; 2.62 V                      ; 4.11e-08 V                  ; 2.73 V             ; -0.0566 V          ; 0.191 V                             ; 0.12 V                              ; 2.69e-10 s                 ; 2.76e-10 s                 ; Yes                       ; Yes                       ;
; HEX0[2]       ; 2.5 V        ; 0 s                 ; 0 s                 ; 2.62 V                       ; 4.11e-08 V                   ; 2.73 V              ; -0.0566 V           ; 0.191 V                              ; 0.12 V                               ; 2.69e-10 s                  ; 2.76e-10 s                  ; Yes                        ; Yes                        ; 2.62 V                      ; 4.11e-08 V                  ; 2.73 V             ; -0.0566 V          ; 0.191 V                             ; 0.12 V                              ; 2.69e-10 s                 ; 2.76e-10 s                 ; Yes                       ; Yes                       ;
; HEX0[3]       ; 2.5 V        ; 0 s                 ; 0 s                 ; 2.62 V                       ; 4.11e-08 V                   ; 2.73 V              ; -0.0566 V           ; 0.191 V                              ; 0.12 V                               ; 2.69e-10 s                  ; 2.76e-10 s                  ; Yes                        ; Yes                        ; 2.62 V                      ; 4.11e-08 V                  ; 2.73 V             ; -0.0566 V          ; 0.191 V                             ; 0.12 V                              ; 2.69e-10 s                 ; 2.76e-10 s                 ; Yes                       ; Yes                       ;
; HEX0[4]       ; 2.5 V        ; 0 s                 ; 0 s                 ; 2.62 V                       ; 4.11e-08 V                   ; 2.73 V              ; -0.0566 V           ; 0.191 V                              ; 0.12 V                               ; 2.69e-10 s                  ; 2.76e-10 s                  ; Yes                        ; Yes                        ; 2.62 V                      ; 4.11e-08 V                  ; 2.73 V             ; -0.0566 V          ; 0.191 V                             ; 0.12 V                              ; 2.69e-10 s                 ; 2.76e-10 s                 ; Yes                       ; Yes                       ;
; HEX0[5]       ; 2.5 V        ; 0 s                 ; 0 s                 ; 2.62 V                       ; 4.11e-08 V                   ; 2.73 V              ; -0.0566 V           ; 0.191 V                              ; 0.12 V                               ; 2.69e-10 s                  ; 2.76e-10 s                  ; Yes                        ; Yes                        ; 2.62 V                      ; 4.11e-08 V                  ; 2.73 V             ; -0.0566 V          ; 0.191 V                             ; 0.12 V                              ; 2.69e-10 s                 ; 2.76e-10 s                 ; Yes                       ; Yes                       ;
; HEX0[6]       ; 2.5 V        ; 0 s                 ; 0 s                 ; 2.62 V                       ; 4.11e-08 V                   ; 2.73 V              ; -0.0566 V           ; 0.191 V                              ; 0.12 V                               ; 2.69e-10 s                  ; 2.76e-10 s                  ; Yes                        ; Yes                        ; 2.62 V                      ; 4.11e-08 V                  ; 2.73 V             ; -0.0566 V          ; 0.191 V                             ; 0.12 V                              ; 2.69e-10 s                 ; 2.76e-10 s                 ; Yes                       ; Yes                       ;
; HEX1[0]       ; 2.5 V        ; 0 s                 ; 0 s                 ; 2.62 V                       ; 4.11e-08 V                   ; 2.73 V              ; -0.0566 V           ; 0.191 V                              ; 0.12 V                               ; 2.69e-10 s                  ; 2.76e-10 s                  ; Yes                        ; Yes                        ; 2.62 V                      ; 4.11e-08 V                  ; 2.73 V             ; -0.0566 V          ; 0.191 V                             ; 0.12 V                              ; 2.69e-10 s                 ; 2.76e-10 s                 ; Yes                       ; Yes                       ;
; HEX1[1]       ; 2.5 V        ; 0 s                 ; 0 s                 ; 2.62 V                       ; 4.11e-08 V                   ; 2.73 V              ; -0.0566 V           ; 0.191 V                              ; 0.12 V                               ; 2.69e-10 s                  ; 2.76e-10 s                  ; Yes                        ; Yes                        ; 2.62 V                      ; 4.11e-08 V                  ; 2.73 V             ; -0.0566 V          ; 0.191 V                             ; 0.12 V                              ; 2.69e-10 s                 ; 2.76e-10 s                 ; Yes                       ; Yes                       ;
; HEX1[2]       ; 2.5 V        ; 0 s                 ; 0 s                 ; 2.62 V                       ; 4.11e-08 V                   ; 2.73 V              ; -0.0566 V           ; 0.191 V                              ; 0.12 V                               ; 2.69e-10 s                  ; 2.76e-10 s                  ; Yes                        ; Yes                        ; 2.62 V                      ; 4.11e-08 V                  ; 2.73 V             ; -0.0566 V          ; 0.191 V                             ; 0.12 V                              ; 2.69e-10 s                 ; 2.76e-10 s                 ; Yes                       ; Yes                       ;
; HEX1[3]       ; 2.5 V        ; 0 s                 ; 0 s                 ; 2.62 V                       ; 4.11e-08 V                   ; 2.73 V              ; -0.0566 V           ; 0.191 V                              ; 0.12 V                               ; 2.69e-10 s                  ; 2.76e-10 s                  ; Yes                        ; Yes                        ; 2.62 V                      ; 4.11e-08 V                  ; 2.73 V             ; -0.0566 V          ; 0.191 V                             ; 0.12 V                              ; 2.69e-10 s                 ; 2.76e-10 s                 ; Yes                       ; Yes                       ;
; HEX1[4]       ; 2.5 V        ; 0 s                 ; 0 s                 ; 2.62 V                       ; 4.11e-08 V                   ; 2.73 V              ; -0.0566 V           ; 0.191 V                              ; 0.12 V                               ; 2.69e-10 s                  ; 2.76e-10 s                  ; Yes                        ; Yes                        ; 2.62 V                      ; 4.11e-08 V                  ; 2.73 V             ; -0.0566 V          ; 0.191 V                             ; 0.12 V                              ; 2.69e-10 s                 ; 2.76e-10 s                 ; Yes                       ; Yes                       ;
; HEX1[5]       ; 2.5 V        ; 0 s                 ; 0 s                 ; 2.62 V                       ; 4.11e-08 V                   ; 2.73 V              ; -0.0566 V           ; 0.191 V                              ; 0.12 V                               ; 2.69e-10 s                  ; 2.76e-10 s                  ; Yes                        ; Yes                        ; 2.62 V                      ; 4.11e-08 V                  ; 2.73 V             ; -0.0566 V          ; 0.191 V                             ; 0.12 V                              ; 2.69e-10 s                 ; 2.76e-10 s                 ; Yes                       ; Yes                       ;
; HEX1[6]       ; 2.5 V        ; 0 s                 ; 0 s                 ; 2.62 V                       ; 4.11e-08 V                   ; 2.73 V              ; -0.0566 V           ; 0.191 V                              ; 0.12 V                               ; 2.69e-10 s                  ; 2.76e-10 s                  ; Yes                        ; Yes                        ; 2.62 V                      ; 4.11e-08 V                  ; 2.73 V             ; -0.0566 V          ; 0.191 V                             ; 0.12 V                              ; 2.69e-10 s                 ; 2.76e-10 s                 ; Yes                       ; Yes                       ;
; HEX2[0]       ; 2.5 V        ; 0 s                 ; 0 s                 ; 2.62 V                       ; 4.11e-08 V                   ; 2.73 V              ; -0.0566 V           ; 0.191 V                              ; 0.12 V                               ; 2.69e-10 s                  ; 2.76e-10 s                  ; Yes                        ; Yes                        ; 2.62 V                      ; 4.11e-08 V                  ; 2.73 V             ; -0.0566 V          ; 0.191 V                             ; 0.12 V                              ; 2.69e-10 s                 ; 2.76e-10 s                 ; Yes                       ; Yes                       ;
; HEX2[1]       ; 2.5 V        ; 0 s                 ; 0 s                 ; 2.62 V                       ; 4.11e-08 V                   ; 2.73 V              ; -0.0566 V           ; 0.191 V                              ; 0.12 V                               ; 2.69e-10 s                  ; 2.76e-10 s                  ; Yes                        ; Yes                        ; 2.62 V                      ; 4.11e-08 V                  ; 2.73 V             ; -0.0566 V          ; 0.191 V                             ; 0.12 V                              ; 2.69e-10 s                 ; 2.76e-10 s                 ; Yes                       ; Yes                       ;
; HEX2[2]       ; 2.5 V        ; 0 s                 ; 0 s                 ; 2.62 V                       ; 4.11e-08 V                   ; 2.73 V              ; -0.0566 V           ; 0.191 V                              ; 0.12 V                               ; 2.69e-10 s                  ; 2.76e-10 s                  ; Yes                        ; Yes                        ; 2.62 V                      ; 4.11e-08 V                  ; 2.73 V             ; -0.0566 V          ; 0.191 V                             ; 0.12 V                              ; 2.69e-10 s                 ; 2.76e-10 s                 ; Yes                       ; Yes                       ;
; HEX2[3]       ; 2.5 V        ; 0 s                 ; 0 s                 ; 2.62 V                       ; 4.11e-08 V                   ; 2.73 V              ; -0.0566 V           ; 0.191 V                              ; 0.12 V                               ; 2.69e-10 s                  ; 2.76e-10 s                  ; Yes                        ; Yes                        ; 2.62 V                      ; 4.11e-08 V                  ; 2.73 V             ; -0.0566 V          ; 0.191 V                             ; 0.12 V                              ; 2.69e-10 s                 ; 2.76e-10 s                 ; Yes                       ; Yes                       ;
; HEX2[4]       ; 2.5 V        ; 0 s                 ; 0 s                 ; 2.62 V                       ; 4.11e-08 V                   ; 2.73 V              ; -0.0566 V           ; 0.191 V                              ; 0.12 V                               ; 2.69e-10 s                  ; 2.76e-10 s                  ; Yes                        ; Yes                        ; 2.62 V                      ; 4.11e-08 V                  ; 2.73 V             ; -0.0566 V          ; 0.191 V                             ; 0.12 V                              ; 2.69e-10 s                 ; 2.76e-10 s                 ; Yes                       ; Yes                       ;
; HEX2[5]       ; 2.5 V        ; 0 s                 ; 0 s                 ; 2.62 V                       ; 4.11e-08 V                   ; 2.73 V              ; -0.0566 V           ; 0.191 V                              ; 0.12 V                               ; 2.69e-10 s                  ; 2.76e-10 s                  ; Yes                        ; Yes                        ; 2.62 V                      ; 4.11e-08 V                  ; 2.73 V             ; -0.0566 V          ; 0.191 V                             ; 0.12 V                              ; 2.69e-10 s                 ; 2.76e-10 s                 ; Yes                       ; Yes                       ;
; HEX2[6]       ; 2.5 V        ; 0 s                 ; 0 s                 ; 2.62 V                       ; 4.11e-08 V                   ; 2.73 V              ; -0.0566 V           ; 0.191 V                              ; 0.12 V                               ; 2.69e-10 s                  ; 2.76e-10 s                  ; Yes                        ; Yes                        ; 2.62 V                      ; 4.11e-08 V                  ; 2.73 V             ; -0.0566 V          ; 0.191 V                             ; 0.12 V                              ; 2.69e-10 s                 ; 2.76e-10 s                 ; Yes                       ; Yes                       ;
; HEX3[0]       ; 2.5 V        ; 0 s                 ; 0 s                 ; 2.62 V                       ; 4.11e-08 V                   ; 2.73 V              ; -0.0566 V           ; 0.191 V                              ; 0.12 V                               ; 2.69e-10 s                  ; 2.76e-10 s                  ; Yes                        ; Yes                        ; 2.62 V                      ; 4.11e-08 V                  ; 2.73 V             ; -0.0566 V          ; 0.191 V                             ; 0.12 V                              ; 2.69e-10 s                 ; 2.76e-10 s                 ; Yes                       ; Yes                       ;
; HEX3[1]       ; 2.5 V        ; 0 s                 ; 0 s                 ; 2.62 V                       ; 4.11e-08 V                   ; 2.73 V              ; -0.0566 V           ; 0.191 V                              ; 0.12 V                               ; 2.69e-10 s                  ; 2.76e-10 s                  ; Yes                        ; Yes                        ; 2.62 V                      ; 4.11e-08 V                  ; 2.73 V             ; -0.0566 V          ; 0.191 V                             ; 0.12 V                              ; 2.69e-10 s                 ; 2.76e-10 s                 ; Yes                       ; Yes                       ;
; HEX3[2]       ; 2.5 V        ; 0 s                 ; 0 s                 ; 2.62 V                       ; 4.11e-08 V                   ; 2.73 V              ; -0.0566 V           ; 0.191 V                              ; 0.12 V                               ; 2.69e-10 s                  ; 2.76e-10 s                  ; Yes                        ; Yes                        ; 2.62 V                      ; 4.11e-08 V                  ; 2.73 V             ; -0.0566 V          ; 0.191 V                             ; 0.12 V                              ; 2.69e-10 s                 ; 2.76e-10 s                 ; Yes                       ; Yes                       ;
; HEX3[3]       ; 2.5 V        ; 0 s                 ; 0 s                 ; 2.62 V                       ; 4.11e-08 V                   ; 2.73 V              ; -0.0566 V           ; 0.191 V                              ; 0.12 V                               ; 2.69e-10 s                  ; 2.76e-10 s                  ; Yes                        ; Yes                        ; 2.62 V                      ; 4.11e-08 V                  ; 2.73 V             ; -0.0566 V          ; 0.191 V                             ; 0.12 V                              ; 2.69e-10 s                 ; 2.76e-10 s                 ; Yes                       ; Yes                       ;
; HEX3[4]       ; 2.5 V        ; 0 s                 ; 0 s                 ; 2.62 V                       ; 4.11e-08 V                   ; 2.73 V              ; -0.0566 V           ; 0.191 V                              ; 0.12 V                               ; 2.69e-10 s                  ; 2.76e-10 s                  ; Yes                        ; Yes                        ; 2.62 V                      ; 4.11e-08 V                  ; 2.73 V             ; -0.0566 V          ; 0.191 V                             ; 0.12 V                              ; 2.69e-10 s                 ; 2.76e-10 s                 ; Yes                       ; Yes                       ;
; HEX3[5]       ; 2.5 V        ; 0 s                 ; 0 s                 ; 2.62 V                       ; 4.11e-08 V                   ; 2.73 V              ; -0.0566 V           ; 0.191 V                              ; 0.12 V                               ; 2.69e-10 s                  ; 2.76e-10 s                  ; Yes                        ; Yes                        ; 2.62 V                      ; 4.11e-08 V                  ; 2.73 V             ; -0.0566 V          ; 0.191 V                             ; 0.12 V                              ; 2.69e-10 s                 ; 2.76e-10 s                 ; Yes                       ; Yes                       ;
; HEX3[6]       ; 2.5 V        ; 0 s                 ; 0 s                 ; 2.62 V                       ; 4.11e-08 V                   ; 2.73 V              ; -0.0566 V           ; 0.191 V                              ; 0.12 V                               ; 2.69e-10 s                  ; 2.76e-10 s                  ; Yes                        ; Yes                        ; 2.62 V                      ; 4.11e-08 V                  ; 2.73 V             ; -0.0566 V          ; 0.191 V                             ; 0.12 V                              ; 2.69e-10 s                 ; 2.76e-10 s                 ; Yes                       ; Yes                       ;
; LED[0]        ; 2.5 V        ; 0 s                 ; 0 s                 ; 2.62 V                       ; 2.78e-08 V                   ; 2.71 V              ; -0.0349 V           ; 0.253 V                              ; 0.069 V                              ; 4.96e-10 s                  ; 5.19e-10 s                  ; No                         ; Yes                        ; 2.62 V                      ; 2.78e-08 V                  ; 2.71 V             ; -0.0349 V          ; 0.253 V                             ; 0.069 V                             ; 4.96e-10 s                 ; 5.19e-10 s                 ; No                        ; Yes                       ;
; LED[1]        ; 2.5 V        ; 0 s                 ; 0 s                 ; 2.62 V                       ; 2.78e-08 V                   ; 2.71 V              ; -0.0349 V           ; 0.253 V                              ; 0.069 V                              ; 4.96e-10 s                  ; 5.19e-10 s                  ; No                         ; Yes                        ; 2.62 V                      ; 2.78e-08 V                  ; 2.71 V             ; -0.0349 V          ; 0.253 V                             ; 0.069 V                             ; 4.96e-10 s                 ; 5.19e-10 s                 ; No                        ; Yes                       ;
; LED[2]        ; 2.5 V        ; 0 s                 ; 0 s                 ; 2.62 V                       ; 2.78e-08 V                   ; 2.64 V              ; -0.0109 V           ; 0.244 V                              ; 0.16 V                               ; 2.42e-09 s                  ; 2.37e-09 s                  ; No                         ; Yes                        ; 2.62 V                      ; 2.78e-08 V                  ; 2.64 V             ; -0.0109 V          ; 0.244 V                             ; 0.16 V                              ; 2.42e-09 s                 ; 2.37e-09 s                 ; No                        ; Yes                       ;
; LED[3]        ; 2.5 V        ; 0 s                 ; 0 s                 ; 2.62 V                       ; 2.78e-08 V                   ; 2.71 V              ; -0.0349 V           ; 0.253 V                              ; 0.069 V                              ; 4.96e-10 s                  ; 5.19e-10 s                  ; No                         ; Yes                        ; 2.62 V                      ; 2.78e-08 V                  ; 2.71 V             ; -0.0349 V          ; 0.253 V                             ; 0.069 V                             ; 4.96e-10 s                 ; 5.19e-10 s                 ; No                        ; Yes                       ;
; LED[4]        ; 2.5 V        ; 0 s                 ; 0 s                 ; 2.62 V                       ; 2.78e-08 V                   ; 2.71 V              ; -0.0349 V           ; 0.253 V                              ; 0.069 V                              ; 4.96e-10 s                  ; 5.19e-10 s                  ; No                         ; Yes                        ; 2.62 V                      ; 2.78e-08 V                  ; 2.71 V             ; -0.0349 V          ; 0.253 V                             ; 0.069 V                             ; 4.96e-10 s                 ; 5.19e-10 s                 ; No                        ; Yes                       ;
; LED[5]        ; 2.5 V        ; 0 s                 ; 0 s                 ; 2.62 V                       ; 2.78e-08 V                   ; 2.71 V              ; -0.0349 V           ; 0.253 V                              ; 0.069 V                              ; 4.96e-10 s                  ; 5.19e-10 s                  ; No                         ; Yes                        ; 2.62 V                      ; 2.78e-08 V                  ; 2.71 V             ; -0.0349 V          ; 0.253 V                             ; 0.069 V                             ; 4.96e-10 s                 ; 5.19e-10 s                 ; No                        ; Yes                       ;
; LED[6]        ; 2.5 V        ; 0 s                 ; 0 s                 ; 2.62 V                       ; 2.78e-08 V                   ; 2.71 V              ; -0.0349 V           ; 0.253 V                              ; 0.069 V                              ; 4.96e-10 s                  ; 5.19e-10 s                  ; No                         ; Yes                        ; 2.62 V                      ; 2.78e-08 V                  ; 2.71 V             ; -0.0349 V          ; 0.253 V                             ; 0.069 V                             ; 4.96e-10 s                 ; 5.19e-10 s                 ; No                        ; Yes                       ;
; LED[7]        ; 2.5 V        ; 0 s                 ; 0 s                 ; 2.62 V                       ; 2.78e-08 V                   ; 2.71 V              ; -0.0349 V           ; 0.253 V                              ; 0.069 V                              ; 4.96e-10 s                  ; 5.19e-10 s                  ; No                         ; Yes                        ; 2.62 V                      ; 2.78e-08 V                  ; 2.71 V             ; -0.0349 V          ; 0.253 V                             ; 0.069 V                             ; 4.96e-10 s                 ; 5.19e-10 s                 ; No                        ; Yes                       ;
; LED[8]        ; 2.5 V        ; 0 s                 ; 0 s                 ; 2.62 V                       ; 2.78e-08 V                   ; 2.71 V              ; -0.0349 V           ; 0.253 V                              ; 0.069 V                              ; 4.96e-10 s                  ; 5.19e-10 s                  ; No                         ; Yes                        ; 2.62 V                      ; 2.78e-08 V                  ; 2.71 V             ; -0.0349 V          ; 0.253 V                             ; 0.069 V                             ; 4.96e-10 s                 ; 5.19e-10 s                 ; No                        ; Yes                       ;
; LED[9]        ; 2.5 V        ; 0 s                 ; 0 s                 ; 2.62 V                       ; 2.78e-08 V                   ; 2.71 V              ; -0.0349 V           ; 0.253 V                              ; 0.069 V                              ; 4.96e-10 s                  ; 5.19e-10 s                  ; No                         ; Yes                        ; 2.62 V                      ; 2.78e-08 V                  ; 2.71 V             ; -0.0349 V          ; 0.253 V                             ; 0.069 V                             ; 4.96e-10 s                 ; 5.19e-10 s                 ; No                        ; Yes                       ;
; ~ALTERA_DCLK~ ; 2.5 V        ; 0 s                 ; 0 s                 ; 2.62 V                       ; 2.22e-08 V                   ; 2.72 V              ; -0.0747 V           ; 0.28 V                               ; 0.169 V                              ; 3.1e-10 s                   ; 3.01e-10 s                  ; No                         ; Yes                        ; 2.62 V                      ; 2.22e-08 V                  ; 2.72 V             ; -0.0747 V          ; 0.28 V                              ; 0.169 V                             ; 3.1e-10 s                  ; 3.01e-10 s                 ; No                        ; Yes                       ;
; ~ALTERA_nCEO~ ; 2.5 V        ; 0 s                 ; 0 s                 ; 2.62 V                       ; 3.53e-08 V                   ; 2.7 V               ; -0.0212 V           ; 0.204 V                              ; 0.049 V                              ; 4.85e-10 s                  ; 6.73e-10 s                  ; No                         ; Yes                        ; 2.62 V                      ; 3.53e-08 V                  ; 2.7 V              ; -0.0212 V          ; 0.204 V                             ; 0.049 V                             ; 4.85e-10 s                 ; 6.73e-10 s                 ; No                        ; Yes                       ;
+---------------+--------------+---------------------+---------------------+------------------------------+------------------------------+---------------------+---------------------+--------------------------------------+--------------------------------------+-----------------------------+-----------------------------+----------------------------+----------------------------+-----------------------------+-----------------------------+--------------------+--------------------+-------------------------------------+-------------------------------------+----------------------------+----------------------------+---------------------------+---------------------------+


-------------------
; Clock Transfers ;
-------------------
Nothing to report.


---------------
; Report TCCS ;
---------------
No dedicated SERDES Transmitter circuitry present in device or used in design


---------------
; Report RSKM ;
---------------
No dedicated SERDES Receiver circuitry present in device or used in design


+------------------------------------------------+
; Unconstrained Paths                            ;
+---------------------------------+-------+------+
; Property                        ; Setup ; Hold ;
+---------------------------------+-------+------+
; Illegal Clocks                  ; 0     ; 0    ;
; Unconstrained Clocks            ; 0     ; 0    ;
; Unconstrained Input Ports       ; 9     ; 9    ;
; Unconstrained Input Port Paths  ; 137   ; 137  ;
; Unconstrained Output Ports      ; 31    ; 31   ;
; Unconstrained Output Port Paths ; 137   ; 137  ;
+---------------------------------+-------+------+


+------------------------------------+
; TimeQuest Timing Analyzer Messages ;
+------------------------------------+
Info: *******************************************************************
Info: Running Quartus II 64-Bit TimeQuest Timing Analyzer
    Info: Version 13.0.1 Build 232 06/12/2013 Service Pack 1 SJ Web Edition
    Info: Processing started: Tue May 26 16:52:40 2026
Info: Command: quartus_sta mcu -c mcu
Info: qsta_default_script.tcl version: #1
Warning (20028): Parallel compilation is not licensed and has been disabled
Info (21077): Core supply voltage is 1.2V
Info (21077): Low junction temperature is 0 degrees C
Info (21077): High junction temperature is 85 degrees C
Info (332104): Reading SDC File: 'mcu.sdc'
Warning (332174): Ignored filter at mcu.sdc(9): CLOCK_50 could not be matched with a port
Warning (332049): Ignored create_clock at mcu.sdc(9): Argument <targets> is an empty collection
    Info (332050): create_clock -period 20.000ns [get_ports CLOCK_50]
Info (332151): Clock uncertainty is not calculated until you update the timing netlist.
Info (332142): No user constrained base clocks found in the design. Calling "derive_clocks -period 1.0"
Info (332096): The command derive_clocks did not find any clocks to derive.  No clocks were created or changed.
Warning (332068): No clocks defined in design.
Info (332154): The derive_clock_uncertainty command did not apply clock uncertainty to any clock-to-clock transfers.
Info: Found TIMEQUEST_REPORT_SCRIPT_INCLUDE_DEFAULT_ANALYSIS = ON
Info (332159): No clocks to report
Info: Analyzing Slow 1200mV 85C Model
Info (332140): No fmax paths to report
Info (332140): No Setup paths to report
Info (332140): No Hold paths to report
Info (332140): No Recovery paths to report
Info (332140): No Removal paths to report
Info (332140): No Minimum Pulse Width paths to report
Info: Analyzing Slow 1200mV 0C Model
Info (334003): Started post-fitting delay annotation
Info (334004): Delay annotation completed successfully
Info (332142): No user constrained base clocks found in the design. Calling "derive_clocks -period 1.0"
Info (332096): The command derive_clocks did not find any clocks to derive.  No clocks were created or changed.
Warning (332068): No clocks defined in design.
Info (332154): The derive_clock_uncertainty command did not apply clock uncertainty to any clock-to-clock transfers.
Info (332140): No fmax paths to report
Info (332140): No Setup paths to report
Info (332140): No Hold paths to report
Info (332140): No Recovery paths to report
Info (332140): No Removal paths to report
Info (332140): No Minimum Pulse Width paths to report
Info: Analyzing Fast 1200mV 0C Model
Info (332142): No user constrained base clocks found in the design. Calling "derive_clocks -period 1.0"
Info (332096): The command derive_clocks did not find any clocks to derive.  No clocks were created or changed.
Warning (332068): No clocks defined in design.
Info (332154): The derive_clock_uncertainty command did not apply clock uncertainty to any clock-to-clock transfers.
Info (332140): No Setup paths to report
Info (332140): No Hold paths to report
Info (332140): No Recovery paths to report
Info (332140): No Removal paths to report
Info (332140): No Minimum Pulse Width paths to report
Info (332102): Design is not fully constrained for setup requirements
Info (332102): Design is not fully constrained for hold requirements
Info: Quartus II 64-Bit TimeQuest Timing Analyzer was successful. 0 errors, 6 warnings
    Info: Peak virtual memory: 4596 megabytes
    Info: Processing ended: Tue May 26 16:52:41 2026
    Info: Elapsed time: 00:00:01
    Info: Total CPU time (on all processors): 00:00:01


